Workbook
Name PRate: #REF!
Name remarks: 'COMBO BOX OPS'!$C$2:$C$7
Name SchoolYear: 'COMBO BOX OPS'!$B$2:$B$4
Name Semester: 'COMBO BOX OPS'!$A$2:$A$3

Sheet Midterm OVPAA-F-INS-055A RAW SC
E1: 94
E2: BUKIDNON STATE UNIVERSITY
E3: Malaybalay City, Bukidnon 8700
E4: Tel (088) 813-5661 to 5663; TeleFax (088) 813-2717, www.buksu.edu.ph
E7: Section Code: | G7: T205 | I7: Day: | K7: TF
E8: Subject Code: | G8: BA 13131 | I8: Time: | K8: 7:30AM-10:00AM
E9: Descriptive Title: | G9: Computer Programming 1 | I9: Rm: | K9: Lab 7
E10: Semester: | G10: 2nd Sem | I10: Units: | K10: 3 | S10: Department: | V10: Information Technology
E11: School Year: | G11: 2025-2026 | I11: Dept. Head: | K11: Dr. Sales G. Aribe, Jr. | S11: College: | V11: College of Technologies
E12: Instructor: | G12: Czarissa Louise A. Navidad | I12: Dean: | K12: Dr. Marilou O. Espina | S12: Passing Rate: | V12: 0.5
E13: Ctrl No | F13: ID Number | G13: NAME | H13: Class Standing | BU13: Laboratory | CO13: Major Output
H15: 1 | I15: 2 | J15: 3 | K15: 4 | L15: 5 | M15: 6 | N15: 7 | O15: 8 | P15: 9 | Q15: 10 | R15: 11 | S15: 12 | T15: 13 | U15: 14 | V15: 15 | W15: 16 | X15: 17 | Y15: 18 | Z15: 19 | AA15: 20 | AB15: 21 | AC15: 22 | AD15: 23 | AE15: 24 | AF15: 25 | AG15: 26 | AH15: 27 | AI15: 28 | AJ15: 29 | AK15: 30 | AL15: 31 | AM15: 32 | AN15: 33 | AO15: 34 | AP15: 35 | AQ15: 36 | AR15: 37 | AS15: 38 | AT15: 39 | AU15: 40 | AV15: 41 | AW15: 42 | AX15: 43 | AY15: 44 | AZ15: 45 | BA15: 46 | BB15: 47 | BC15: 48 | BD15: 49 | BE15: 50 | BF15: 51 | BG15: 52 | BH15: 53 | BI15: 54 | BJ15: 55 | BK15: 56 | BL15: 57 | BM15: 58 | BN15: 59 | BO15: 60 | BP15: 61 | BQ15: 62 | BR15: 63 | BS15: 64 | BT15: 65 | BU15: 1 | BV15: 2 | BW15: 3 | BX15: 4 | BY15: 5 | BZ15: 6 | CA15: 7 | CB15: 8 | CC15: 9 | CD15: 10 | CE15: 11 | CF15: 12 | CG15: 13 | CH15: 14 | CI15: 15 | CJ15: 16 | CK15: 17 | CL15: 18 | CM15: 19 | CN15: 20 | CO15: 1 | CP15: 2 | CQ15: 3 | CR15: 4 | CS15: 5 | CT15: 6 | CU15: 7 | CV15: 8 | CW15: 9 | CX15: 10
H16: Short Film Proposal | I16: Storyboard | J16: Long Quiz | BU16: Draft Script | BV16: Character Design | BW16: Background Design | CO16: Final Script | CP16: Midterm Exam
H17: 100 | I17: 100 | J17: 50 | BU17: 100 | BV17: 100 | BW17: 100 | CO17: 100 | CP17: 50
E18: 1 | F18: 2301102644 | G18: Albarracin, Donna Igar | H18: 100 | I18: 50 | J18: 0 | BU18: 0 | BV18: 0 | BW18: 0 | CN18: 0 | CO18: 0 | CP18: 0
E19: 2 | F19: 1423 | G19: Añonuevo, Thomas Franz | H19: 50 | I19: 50 | J19: 43 | BU19: 70 | BV19: 100 | BW19: 100 | CO19: 50 | CP19: 30
E20: 3 | F20: 11 | G20: Cabuco, Dean Krist A. | H20: 94 | I20: 93 | J20: 44 | BU20: 94 | BV20: 100 | BW20: 100 | CO20: 94 | CP20: 44
E21: 4 | F21: 12 | G21: YANYAN | H21: 72 | I21: 60 | J21: 50 | BU21: 80 | BV21: 100 | BW21: 90 | CO21: 72 | CP21: 36
E22: 5 | F22: 13 | G22: Dela Cerna, Johann Derek Javier | H22: 70 | I22: 92 | J22: 45 | BU22: 70 | BV22: 100 | BW22: 100 | CO22: 76 | CP22: 43
E23: 6 | F23: 14 | G23: Delfin, Kyle Arnie Jopson | H23: 80 | I23: 94 | J23: 42 | BU23: 80 | BV23: 100 | BW23: 100 | CO23: 92 | CP23: 40
E24: 7 | F24: 15 | G24: Gumapac, Jannerie | H24: 72 | I24: 60 | J24: 50 | BU24: 72 | BV24: 100 | BW24: 80 | CO24: 72 | CP24: 35
E25: 8 | F25: 16 | G25: Lantinay, Pol Edison | H25: 80 | I25: 94 | J25: 42 | BU25: 80 | BV25: 100 | BW25: 100 | CO25: 92 | CP25: 40
E26: 9 | F26: 17 | G26: Lintawahan, Maria Elisabeth | H26: 72 | I26: 60 | J26: 50 | BU26: 72 | BV26: 100 | BW26: 75 | CO26: 72 | CP26: 45
E27: 10 | F27: 18 | G27: Lisondra, Christian Earl | H27: 72 | I27: 60 | J27: 40 | BU27: 72 | BV27: 100 | BW27: 80 | CO27: 72 | CP27: 33
E28: 11 | F28: 19 | G28: Magante, Jerson | H28: 72 | I28: 60 | J28: 50 | BU28: 72 | BV28: 100 | BW28: 75 | CO28: 72 | CP28: 40
E29: 12 | F29: 20 | G29: Maraon, EJ Kate | H29: 72 | I29: 60 | J29: 50 | BU29: 72 | BV29: 100 | BW29: 80 | CO29: 72 | CP29: 40
E30: 13 | F30: 21 | G30: Melendez, Jeter Giambi | H30: 70 | I30: 92 | J30: 45 | BU30: 70 | BV30: 100 | BW30: 100 | CO30: 76 | CP30: 42
... E40: 23 | F40: 31 | G40: Valdez, John Winchel | H40: 70 | I40: 92 | J40: 50 | BU40: 80 | BV40: 100 | BW40: 100 | CO40: 76 | CP40: 40
E41: 24
E42: 25
E43: 26
E44: 27
E45: 28
E46: 29
E47: 30
E48: 31
E49: 32
E50: 33
E51: 34
E52: 35
... E117: 100

Sheet MidTerm OVPAA-F-INS-055B CLASS
F2: BUKIDNON STATE UNIVERSITY
F3: Malaybalay City, Bukidnon 8700
F4: Tel (088) 813-5661 to 5663; TeleFax (088) 813-2717, www.buksu.edu.ph
F6: CLASS RECORD
E7: Section Code: | G7: ='Midterm OVPAA-F-INS-055A RAW SC'!G7 -> T205 | I7: Day: | K7: ='Midterm OVPAA-F-INS-055A RAW SC'!K7 -> TF
E8: Subject Code: | G8: ='Midterm OVPAA-F-INS-055A RAW SC'!G8 -> BA 13131 | I8: Time: | K8: ='Midterm OVPAA-F-INS-055A RAW SC'!K8 -> 7:30AM-10:00AM
E9: Descriptive Title: | G9: ='Midterm OVPAA-F-INS-055A RAW SC'!G9 -> Computer Programming 1 | I9: Rm: | K9: ='Midterm OVPAA-F-INS-055A RAW SC'!K9 -> Lab 7
E10: Semester: | G10: ='Midterm OVPAA-F-INS-055A RAW SC'!G10 -> 2nd Sem | I10: Units: | K10: ='Midterm OVPAA-F-INS-055A RAW SC'!K10 -> 3 | S10: Department: | V10: ='Midterm OVPAA-F-INS-055A RAW SC'!V10 -> Information Technology
E11: School Year: | G11: ='Midterm OVPAA-F-INS-055A RAW SC'!G11 -> 2025-2026 | I11: Chair: | K11: ='Midterm OVPAA-F-INS-055A RAW SC'!K11 -> Dr. Sales G. Aribe, Jr. | S11: College: | V11: ='Midterm OVPAA-F-INS-055A RAW SC'!V11 -> College of Technologies
E12: Instructor: | G12: ='Midterm OVPAA-F-INS-055A RAW SC'!G12 -> Czarissa Louise A. Navidad | I12: Dean: | K12: ='Midterm OVPAA-F-INS-055A RAW SC'!K12 -> Dr. Marilou O. Espina | S12: Passing Rate: | V12: ='Midterm OVPAA-F-INS-055A RAW SC'!V12 -> 0.5
E13: Ctrl No | F13: ID Number | G13: NAME | H13: Class Standing | BW13: Laboratory | CS13: Major Output | DE13: SUMMARY | DH13: MIDTERM GRADE
DE14: CS | DF14: LAB | DG14: MO
H15: 1 | I15: 2 | J15: 3 | K15: 4 | L15: 5 | M15: 6 | N15: 7 | O15: 8 | P15: 9 | Q15: 10 | R15: 11 | S15: 12 | T15: 13 | U15: 14 | V15: 15 | W15: 16 | X15: 17 | Y15: 18 | Z15: 19 | AA15: 20 | AB15: 21 | AC15: 22 | AD15: 23 | AE15: 24 | AF15: 25 | AG15: 26 | AH15: 27 | AI15: 28 | AJ15: 29 | AK15: 30 | AL15: 31 | AM15: 32 | AN15: 33 | AO15: 34 | AP15: 35 | AQ15: 36 | AR15: 37 | AS15: 38 | AT15: 39 | AU15: 40 | AV15: 41 | AW15: 42 | AX15: 43 | AY15: 44 | AZ15: 45 | BA15: 46 | BB15: 47 | BC15: 48 | BD15: 49 | BE15: 50 | BF15: 51 | BG15: 52 | BH15: 53 | BI15: 54 | BJ15: 55 | BK15: 56 | BL15: 57 | BM15: 58 | BN15: 59 | BO15: 60 | BP15: 61 | BQ15: 62 | BR15: 63 | BS15: 64 | BT15: 65 | BU15: GPA | BV15: EQUI | BW15: 1 | BX15: 2 | BY15: 3 | BZ15: 4 | CA15: 5 | CB15: 6 | CC15: 7 | CD15: 8 | CE15: 9 | CF15: 10 | CG15: 11 | CH15: 12 | CI15: 13 | CJ15: 14 | CK15: 15 | CL15: 16 | CM15: 17 | CN15: 18 | CO15: 19 | CP15: 20 | CQ15: GPA | CS15: 1 | CT15: 2 | CU15: 3 | CV15: 4 | CW15: 5 | CX15: 6 | CY15: 7 | CZ15: 8 | DA15: 9 | DB15: 10 | DC15: GPA | DD15: EQUI | DE15: 0.3 | DF15: 0.3 | DG15: 0.4 | DH15: TOTAL | DI15: FG
H16: =IF('Midterm OVPAA-F-INS-055A RAW SC'!H16="","",'Midterm OVPAA-F-INS-055A RAW SC'!H16) -> Short Film Proposal | I16: =IF('Midterm OVPAA-F-INS-055A RAW SC'!I16="","",'Midterm OVPAA-F-INS-055A RAW SC'!I16) -> Storyboard | J16: =IF('Midterm OVPAA-F-INS-055A RAW SC'!J16="","",'Midterm OVPAA-F-INS-055A RAW SC'!J16) -> Long Quiz | K16: =IF('Midterm OVPAA-F-INS-055A RAW SC'!K16="","",'Midterm OVPAA-F-INS-055A RAW SC'!K16) | L16: =IF('Midterm OVPAA-F-INS-055A RAW SC'!L16="","",'Midterm OVPAA-F-INS-055A RAW SC'!L16) | M16: =IF('Midterm OVPAA-F-INS-055A RAW SC'!M16="","",'Midterm OVPAA-F-INS-055A RAW SC'!M16) | N16: =IF('Midterm OVPAA-F-INS-055A RAW SC'!N16="","",'Midterm OVPAA-F-INS-055A RAW SC'!N16) | O16: =IF('Midterm OVPAA-F-INS-055A RAW SC'!O16="","",'Midterm OVPAA-F-INS-055A RAW SC'!O16) | ... BT16: =IF('Midterm OVPAA-F-INS-055A RAW SC'!BT16="","",'Midterm OVPAA-F-INS-055A RAW SC'!BT16) | BW16: =IF('Midterm OVPAA-F-INS-055A RAW SC'!BU16="","",'Midterm OVPAA-F-INS-055A RAW SC'!BU16) -> Draft Script | BX16: =IF('Midterm OVPAA-F-INS-055A RAW SC'!BV16="","",'Midterm OVPAA-F-INS-055A RAW SC'!BV16) -> Character Design | BY16: =IF('Midterm OVPAA-F-INS-055A RAW SC'!BW16="","",'Midterm OVPAA-F-INS-055A RAW SC'!BW16) -> Background Design | BZ16: =IF('Midterm OVPAA-F-INS-055A RAW SC'!BX16="","",'Midterm OVPAA-F-INS-055A RAW SC'!BX16) | CA16: =IF('Midterm OVPAA-F-INS-055A RAW SC'!BY16="","",'Midterm OVPAA-F-INS-055A RAW SC'!BY16) | CB16: =IF('Midterm OVPAA-F-INS-055A RAW SC'!BZ16="","",'Midterm OVPAA-F-INS-055A RAW SC'!BZ16) | CC16: =IF('Midterm OVPAA-F-INS-055A RAW SC'!CA16="","",'Midterm OVPAA-F-INS-055A RAW SC'!CA16) | CD16: =IF('Midterm OVPAA-F-INS-055A RAW SC'!CB16="","",'Midterm OVPAA-F-INS-055A RAW SC'!CB16) | ... CP16: =IF('Midterm OVPAA-F-INS-055A RAW SC'!CN16="","",'Midterm OVPAA-F-INS-055A RAW SC'!CN16) | CR16: EQUIVALENT | CS16: =IF('Midterm OVPAA-F-INS-055A RAW SC'!CO16="","",'Midterm OVPAA-F-INS-055A RAW SC'!CO16) -> Final Script | CT16: =IF('Midterm OVPAA-F-INS-055A RAW SC'!CP16="","",'Midterm OVPAA-F-INS-055A RAW SC'!CP16) -> Midterm Exam | CU16: =IF('Midterm OVPAA-F-INS-055A RAW SC'!CQ16="","",'Midterm OVPAA-F-INS-055A RAW SC'!CQ16) | CV16: =IF('Midterm OVPAA-F-INS-055A RAW SC'!CR16="","",'Midterm OVPAA-F-INS-055A RAW SC'!CR16) | CW16: =IF('Midterm OVPAA-F-INS-055A RAW SC'!CS16="","",'Midterm OVPAA-F-INS-055A RAW SC'!CS16) | CX16: =IF('Midterm OVPAA-F-INS-055A RAW SC'!CT16="","",'Midterm OVPAA-F-INS-055A RAW SC'!CT16) | CY16: =IF('Midterm OVPAA-F-INS-055A RAW SC'!CU16="","",'Midterm OVPAA-F-INS-055A RAW SC'!CU16) | CZ16: =IF('Midterm OVPAA-F-INS-055A RAW SC'!CV16="","",'Midterm OVPAA-F-INS-055A RAW SC'!CV16) | ... DB16: =IF('Midterm OVPAA-F-INS-055A RAW SC'!CX16="","",'Midterm OVPAA-F-INS-055A RAW SC'!CX16)
H17: GPE | I17: GPE | J17: GPE | K17: GPE | L17: GPE | M17: GPE | N17: GPE | O17: GPE | P17: GPE | Q17: GPE | R17: GPE | S17: GPE | T17: GPE | U17: GPE | V17: GPE | W17: GPE | X17: GPE | Y17: GPE | Z17: GPE | AA17: GPE | AB17: GPE | AC17: GPE | AD17: GPE | AE17: GPE | AF17: GPE | AG17: GPE | AH17: GPE | AI17: GPE | AJ17: GPE | AK17: GPE | AL17: GPE | AM17: GPE | AN17: GPE | AO17: GPE | AP17: GPE | AQ17: GPE | AR17: GPE | AS17: GPE | AT17: GPE | AU17: GPE | AV17: GPE | AW17: GPE | AX17: GPE | AY17: GPE | AZ17: GPE | BA17: GPE | BB17: GPE | BC17: GPE | BD17: GPE | BE17: GPE | BF17: GPE | BG17: GPE | BH17: GPE | BI17: GPE | BJ17: GPE | BK17: GPE | BL17: GPE | BM17: GPE | BN17: GPE | BO17: GPE | BP17: GPE | BQ17: GPE | BR17: GPE | BS17: GPE | BT17: GPE | BU17: 100 | BV17: 1 | BW17: GPE | BX17: GPE | BY17: GPE | BZ17: GPE | CA17: GPE | CB17: GPE | CC17: GPE | CD17: GPE | CE17: GPE | CF17: GPE | CG17: GPE | CH17: GPE | CI17: GPE | CJ17: GPE | CK17: GPE | CL17: GPE | CM17: GPE | CN17: GPE | CO17: GPE | CP17: GPE | CQ17: 100 | CR17: 1 | CS17: GPE | CT17: GPE | CU17: GPE | CV17: GPE | CW17: GPE | CX17: GPE | CY17: GPE | CZ17: GPE | DA17: GPE | DB17: GPE | DC17: 100 | DD17: 1 | DE17: =DE15 -> 0.3 | DF17: =DF15 -> 0.3 | DG17: =DG15 -> 0.4 | DH17: 100 | DI17: 1
E18: 1 | F18: 2301102644 | G18: =IF(NOT(ISBLANK('Midterm OVPAA-F-INS-055A RAW SC'!G18)),'Midterm OVPAA-F-INS-055A RAW SC'!G18,"") -> Albarracin, Donna Igar | H18: =IF('Midterm OVPAA-F-INS-055A RAW SC'!H18="","",'Midterm OVPAA-F-INS-055A RAW SC'!H18/'Midterm OVPAA-F-INS-055A RAW SC'!H$17*100) -> 100 | I18: =IF('Midterm OVPAA-F-INS-055A RAW SC'!I18="","",'Midterm OVPAA-F-INS-055A RAW SC'!I18/'Midterm OVPAA-F-INS-055A RAW SC'!I$17*100) -> 50 | J18: =IF('Midterm OVPAA-F-INS-055A RAW SC'!J18="","",'Midterm OVPAA-F-INS-055A RAW SC'!J18/'Midterm OVPAA-F-INS-055A RAW SC'!J$17*100) -> 0 | K18: =IF('Midterm OVPAA-F-INS-055A RAW SC'!K18="","",'Midterm OVPAA-F-INS-055A RAW SC'!K18/'Midterm OVPAA-F-INS-055A RAW SC'!K$17*100) | L18: =IF('Midterm OVPAA-F-INS-055A RAW SC'!L18="","",'Midterm OVPAA-F-INS-055A RAW SC'!L18/'Midterm OVPAA-F-INS-055A RAW SC'!L$17*100) | M18: =IF('Midterm OVPAA-F-INS-055A RAW SC'!M18="","",'Midterm OVPAA-F-INS-055A RAW SC'!M18/'Midterm OVPAA-F-INS-055A RAW SC'!M$17*100) | N18: =IF('Midterm OVPAA-F-INS-055A RAW SC'!N18="","",'Midterm OVPAA-F-INS-055A RAW SC'!N18/'Midterm OVPAA-F-INS-055A RAW SC'!N$17*100) | O18: =IF('Midterm OVPAA-F-INS-055A RAW SC'!O18="","",'Midterm OVPAA-F-INS-055A RAW SC'!O18/'Midterm OVPAA-F-INS-055A RAW SC'!O$17*100) | ... BT18: =IF('Midterm OVPAA-F-INS-055A RAW SC'!BT18="","",'Midterm OVPAA-F-INS-055A RAW SC'!BT18/'Midterm OVPAA-F-INS-055A RAW SC'!BT$17*100) | BU18: {=IF('Midterm OVPAA-F-INS-055A RAW SC'!$G18="","",IF((SUMPRODUCT(--ISBLANK('Midterm OVPAA-F-INS-055A RAW SC'!H18:BT18))=COLUMNS('Midterm OVPAA-F-INS-055A RAW SC'!H18:BT18))=TRUE,"",(((COUNTA('Midterm OVPAA-F-INS-055A RAW SC'!$H$17:$BT$17)+COUNTBLANK('Midterm OVPAA-F-INS-055A RAW SC'!H18:BT18))-COLUMNS('Midterm OVPAA-F-INS-055A RAW SC'!H18:BT18))*5+SUM(H18:BT18))/COUNTA('Midterm OVPAA-F-INS-055A RAW SC'!$H$17:$BT$17)))} -> 50 | BV18: =IF(BU18="","",VLOOKUP(BU18,IF('Midterm OVPAA-F-INS-055A RAW SC'!$V$12=0.5,TRANSMUTATION!$C$4:$D$17,TRANSMUTATION!$G$4:$H$17),2,TRUE)) -> 3 | BW18: =IF('Midterm OVPAA-F-INS-055A RAW SC'!BU18="","",'Midterm OVPAA-F-INS-055A RAW SC'!BU18/'Midterm OVPAA-F-INS-055A RAW SC'!BU$17*100) -> 0 | BX18: =IF('Midterm OVPAA-F-INS-055A RAW SC'!BV18="","",'Midterm OVPAA-F-INS-055A RAW SC'!BV18/'Midterm OVPAA-F-INS-055A RAW SC'!BV$17*100) -> 0 | BY18: =IF('Midterm OVPAA-F-INS-055A RAW SC'!BW18="","",'Midterm OVPAA-F-INS-055A RAW SC'!BW18/'Midterm OVPAA-F-INS-055A RAW SC'!BW$17*100) -> 0 | BZ18: =IF('Midterm OVPAA-F-INS-055A RAW SC'!BX18="","",'Midterm OVPAA-F-INS-055A RAW SC'!BX18/'Midterm OVPAA-F-INS-055A RAW SC'!BX$17*100) | CA18: =IF('Midterm OVPAA-F-INS-055A RAW SC'!BY18="","",'Midterm OVPAA-F-INS-055A RAW SC'!BY18/'Midterm OVPAA-F-INS-055A RAW SC'!BY$17*100) | CB18: =IF('Midterm OVPAA-F-INS-055A RAW SC'!BZ18="","",'Midterm OVPAA-F-INS-055A RAW SC'!BZ18/'Midterm OVPAA-F-INS-055A RAW SC'!BZ$17*100) | CC18: =IF('Midterm OVPAA-F-INS-055A RAW SC'!CA18="","",'Midterm OVPAA-F-INS-055A RAW SC'!CA18/'Midterm OVPAA-F-INS-055A RAW SC'!CA$17*100) | CD18: =IF('Midterm OVPAA-F-INS-055A RAW SC'!CB18="","",'Midterm OVPAA-F-INS-055A RAW SC'!CB18/'Midterm OVPAA-F-INS-055A RAW SC'!CB$17*100) | ... CP18: =IF('Midterm OVPAA-F-INS-055A RAW SC'!CN18="","",'Midterm OVPAA-F-INS-055A RAW SC'!CN18/'Midterm OVPAA-F-INS-055A RAW SC'!CN$17*100) -> #DIV/0! | CQ18: 0 | CR18: =IF(CQ18="","",VLOOKUP(CQ18,IF('Midterm OVPAA-F-INS-055A RAW SC'!$V$12=0.5,TRANSMUTATION!$C$4:$D$17,TRANSMUTATION!$G$4:$H$17),2,TRUE)) -> 5 | CS18: =IF('Midterm OVPAA-F-INS-055A RAW SC'!CO18="","",'Midterm OVPAA-F-INS-055A RAW SC'!CO18/'Midterm OVPAA-F-INS-055A RAW SC'!CO$17*100) -> 0 | CT18: =IF('Midterm OVPAA-F-INS-055A RAW SC'!CP18="","",'Midterm OVPAA-F-INS-055A RAW SC'!CP18/'Midterm OVPAA-F-INS-055A RAW SC'!CP$17*100) -> 0 | CU18: =IF('Midterm OVPAA-F-INS-055A RAW SC'!CQ18="","",'Midterm OVPAA-F-INS-055A RAW SC'!CQ18/'Midterm OVPAA-F-INS-055A RAW SC'!CQ$17*100) | CV18: =IF('Midterm OVPAA-F-INS-055A RAW SC'!CR18="","",'Midterm OVPAA-F-INS-055A RAW SC'!CR18/'Midterm OVPAA-F-INS-055A RAW SC'!CR$17*100) | CW18: =IF('Midterm OVPAA-F-INS-055A RAW SC'!CS18="","",'Midterm OVPAA-F-INS-055A RAW SC'!CS18/'Midterm OVPAA-F-INS-055A RAW SC'!CS$17*100) | CX18: =IF('Midterm OVPAA-F-INS-055A RAW SC'!CT18="","",'Midterm OVPAA-F-INS-055A RAW SC'!CT18/'Midterm OVPAA-F-INS-055A RAW SC'!CT$17*100) | CY18: =IF('Midterm OVPAA-F-INS-055A RAW SC'!CU18="","",'Midterm OVPAA-F-INS-055A RAW SC'!CU18/'Midterm OVPAA-F-INS-055A RAW SC'!CU$17*100) | CZ18: =IF('Midterm OVPAA-F-INS-055A RAW SC'!CV18="","",'Midterm OVPAA-F-INS-055A RAW SC'!CV18/'Midterm OVPAA-F-INS-055A RAW SC'!CV$17*100) | ... DB18: =IF('Midterm OVPAA-F-INS-055A RAW SC'!CX18="","",'Midterm OVPAA-F-INS-055A RAW SC'!CX18/'Midterm OVPAA-F-INS-055A RAW SC'!CX$17*100) | DC18: {=IF('Midterm OVPAA-F-INS-055A RAW SC'!$G18="","",IF((SUMPRODUCT(--ISBLANK('Midterm OVPAA-F-INS-055A RAW SC'!CO18:CX18))=COLUMNS('Midterm OVPAA-F-INS-055A RAW SC'!CO18:CX18))=TRUE,"",(((COUNTA('Midterm OVPAA-F-INS-055A RAW SC'!$CO$17:$CX$17)+COUNTBLANK('Midterm OVPAA-F-INS-055A RAW SC'!CO18:CX18))-COLUMNS('Midterm OVPAA-F-INS-055A RAW SC'!CO18:CX18))*5+SUM(CS18:DB18))/COUNTA('Midterm OVPAA-F-INS-055A RAW SC'!$CO$17:$CX$17)))} -> 0 | DD18: =IF(DC18="","",VLOOKUP(DC18,IF('Midterm OVPAA-F-INS-055A RAW SC'!$V$12=0.5,TRANSMUTATION!$C$4:$D$17,TRANSMUTATION!$G$4:$H$17),2,TRUE)) -> 5 | DE18: =IF(BV18="","",(BV18*DE$15)) -> 0.9 | DF18: =IF(CR18="","",(CR18*DF$15)) -> 1.5 | DG18: =IF(DD18="","",(DD18*DG$15)) -> 2 | DH18: =IF($DF$15="",IF(OR(DE18="",DG18="")=TRUE,"",(SUM(DE18:DG18))),IF(OR(DE18="",DF18="",DG18="")=TRUE,"",(SUM(DE18:DG18)))) -> 4.4 | DI18: =IF(DH18="","",LOOKUP(DH18,{0,1.1251,1.3751,1.6251,1.8751,2.1251,2.3751,2.6251,2.8751,3.1251,3.3751,3.6251},{"1.00","1.25","1.50","1.75","2.00","2.25","2.50","2.75","3.00","3.25","3.50","5.00"})) -> 5.00
E19: 2 | F19: 2301100000 | G19: =IF(NOT(ISBLANK('Midterm OVPAA-F-INS-055A RAW SC'!G19)),'Midterm OVPAA-F-INS-055A RAW SC'!G19,"") -> Añonuevo, Thomas Franz | H19: =IF('Midterm OVPAA-F-INS-055A RAW SC'!H19="","",'Midterm OVPAA-F-INS-055A RAW SC'!H19/'Midterm OVPAA-F-INS-055A RAW SC'!H$17*100) -> 50 | I19: =IF('Midterm OVPAA-F-INS-055A RAW SC'!I19="","",'Midterm OVPAA-F-INS-055A RAW SC'!I19/'Midterm OVPAA-F-INS-055A RAW SC'!I$17*100) -> 50 | J19: =IF('Midterm OVPAA-F-INS-055A RAW SC'!J19="","",'Midterm OVPAA-F-INS-055A RAW SC'!J19/'Midterm OVPAA-F-INS-055A RAW SC'!J$17*100) -> 86 | K19: =IF('Midterm OVPAA-F-INS-055A RAW SC'!K19="","",'Midterm OVPAA-F-INS-055A RAW SC'!K19/'Midterm OVPAA-F-INS-055A RAW SC'!K$17*100) | L19: =IF('Midterm OVPAA-F-INS-055A RAW SC'!L19="","",'Midterm OVPAA-F-INS-055A RAW SC'!L19/'Midterm OVPAA-F-INS-055A RAW SC'!L$17*100) | M19: =IF('Midterm OVPAA-F-INS-055A RAW SC'!M19="","",'Midterm OVPAA-F-INS-055A RAW SC'!M19/'Midterm OVPAA-F-INS-055A RAW SC'!M$17*100) | N19: =IF('Midterm OVPAA-F-INS-055A RAW SC'!N19="","",'Midterm OVPAA-F-INS-055A RAW SC'!N19/'Midterm OVPAA-F-INS-055A RAW SC'!N$17*100) | O19: =IF('Midterm OVPAA-F-INS-055A RAW SC'!O19="","",'Midterm OVPAA-F-INS-055A RAW SC'!O19/'Midterm OVPAA-F-INS-055A RAW SC'!O$17*100) | ... BT19: =IF('Midterm OVPAA-F-INS-055A RAW SC'!BT19="","",'Midterm OVPAA-F-INS-055A RAW SC'!BT19/'Midterm OVPAA-F-INS-055A RAW SC'!BT$17*100) | BU19: {=IF('Midterm OVPAA-F-INS-055A RAW SC'!$G19="","",IF((SUMPRODUCT(--ISBLANK('Midterm OVPAA-F-INS-055A RAW SC'!H19:BT19))=COLUMNS('Midterm OVPAA-F-INS-055A RAW SC'!H19:BT19))=TRUE,"",(((COUNTA('Midterm OVPAA-F-INS-055A RAW SC'!$H$17:$BT$17)+COUNTBLANK('Midterm OVPAA-F-INS-055A RAW SC'!H19:BT19))-COLUMNS('Midterm OVPAA-F-INS-055A RAW SC'!H19:BT19))*5+SUM(H19:BT19))/COUNTA('Midterm OVPAA-F-INS-055A RAW SC'!$H$17:$BT$17)))} -> 62 | BV19: =IF(BU19="","",VLOOKUP(BU19,IF('Midterm OVPAA-F-INS-055A RAW SC'!$V$12=0.5,TRANSMUTATION!$C$4:$D$17,TRANSMUTATION!$G$4:$H$17),2,TRUE)) -> 2.5 | BW19: =IF('Midterm OVPAA-F-INS-055A RAW SC'!BU19="","",'Midterm OVPAA-F-INS-055A RAW SC'!BU19/'Midterm OVPAA-F-INS-055A RAW SC'!BU$17*100) -> 70 | BX19: =IF('Midterm OVPAA-F-INS-055A RAW SC'!BV19="","",'Midterm OVPAA-F-INS-055A RAW SC'!BV19/'Midterm OVPAA-F-INS-055A RAW SC'!BV$17*100) -> 100 | BY19: =IF('Midterm OVPAA-F-INS-055A RAW SC'!BW19="","",'Midterm OVPAA-F-INS-055A RAW SC'!BW19/'Midterm OVPAA-F-INS-055A RAW SC'!BW$17*100) -> 100 | BZ19: =IF('Midterm OVPAA-F-INS-055A RAW SC'!BX19="","",'Midterm OVPAA-F-INS-055A RAW SC'!BX19/'Midterm OVPAA-F-INS-055A RAW SC'!BX$17*100) | CA19: =IF('Midterm OVPAA-F-INS-055A RAW SC'!BY19="","",'Midterm OVPAA-F-INS-055A RAW SC'!BY19/'Midterm OVPAA-F-INS-055A RAW SC'!BY$17*100) | CB19: =IF('Midterm OVPAA-F-INS-055A RAW SC'!BZ19="","",'Midterm OVPAA-F-INS-055A RAW SC'!BZ19/'Midterm OVPAA-F-INS-055A RAW SC'!BZ$17*100) | CC19: =IF('Midterm OVPAA-F-INS-055A RAW SC'!CA19="","",'Midterm OVPAA-F-INS-055A RAW SC'!CA19/'Midterm OVPAA-F-INS-055A RAW SC'!CA$17*100) | CD19: =IF('Midterm OVPAA-F-INS-055A RAW SC'!CB19="","",'Midterm OVPAA-F-INS-055A RAW SC'!CB19/'Midterm OVPAA-F-INS-055A RAW SC'!CB$17*100) | ... CP19: =IF('Midterm OVPAA-F-INS-055A RAW SC'!CN19="","",'Midterm OVPAA-F-INS-055A RAW SC'!CN19/'Midterm OVPAA-F-INS-055A RAW SC'!CN$17*100) | CQ19: {=IF('Midterm OVPAA-F-INS-055A RAW SC'!G19="","",IF((SUMPRODUCT(--ISBLANK('Midterm OVPAA-F-INS-055A RAW SC'!BU19:CN19))=COLUMNS('Midterm OVPAA-F-INS-055A RAW SC'!BU19:CN19))=TRUE,"",(((COUNTA('Midterm OVPAA-F-INS-055A RAW SC'!$BU$17:$CN$17)+COUNTBLANK('Midterm OVPAA-F-INS-055A RAW SC'!BU19:CN19))-COLUMNS('Midterm OVPAA-F-INS-055A RAW SC'!BU19:CN19))*5+SUM(BW19:CP19))/COUNTA('Midterm OVPAA-F-INS-055A RAW SC'!$BU$17:$CN$17)))} -> 90 | CR19: =IF(CQ19="","",VLOOKUP(CQ19,IF('Midterm OVPAA-F-INS-055A RAW SC'!$V$12=0.5,TRANSMUTATION!$C$4:$D$17,TRANSMUTATION!$G$4:$H$17),2,TRUE)) -> 1.5 | CS19: =IF('Midterm OVPAA-F-INS-055A RAW SC'!CO19="","",'Midterm OVPAA-F-INS-055A RAW SC'!CO19/'Midterm OVPAA-F-INS-055A RAW SC'!CO$17*100) -> 50 | CT19: =IF('Midterm OVPAA-F-INS-055A RAW SC'!CP19="","",'Midterm OVPAA-F-INS-055A RAW SC'!CP19/'Midterm OVPAA-F-INS-055A RAW SC'!CP$17*100) -> 60 | CU19: =IF('Midterm OVPAA-F-INS-055A RAW SC'!CQ19="","",'Midterm OVPAA-F-INS-055A RAW SC'!CQ19/'Midterm OVPAA-F-INS-055A RAW SC'!CQ$17*100) | CV19: =IF('Midterm OVPAA-F-INS-055A RAW SC'!CR19="","",'Midterm OVPAA-F-INS-055A RAW SC'!CR19/'Midterm OVPAA-F-INS-055A RAW SC'!CR$17*100) | CW19: =IF('Midterm OVPAA-F-INS-055A RAW SC'!CS19="","",'Midterm OVPAA-F-INS-055A RAW SC'!CS19/'Midterm OVPAA-F-INS-055A RAW SC'!CS$17*100) | CX19: =IF('Midterm OVPAA-F-INS-055A RAW SC'!CT19="","",'Midterm OVPAA-F-INS-055A RAW SC'!CT19/'Midterm OVPAA-F-INS-055A RAW SC'!CT$17*100) | CY19: =IF('Midterm OVPAA-F-INS-055A RAW SC'!CU19="","",'Midterm OVPAA-F-INS-055A RAW SC'!CU19/'Midterm OVPAA-F-INS-055A RAW SC'!CU$17*100) | CZ19: =IF('Midterm OVPAA-F-INS-055A RAW SC'!CV19="","",'Midterm OVPAA-F-INS-055A RAW SC'!CV19/'Midterm OVPAA-F-INS-055A RAW SC'!CV$17*100) | ... DB19: =IF('Midterm OVPAA-F-INS-055A RAW SC'!CX19="","",'Midterm OVPAA-F-INS-055A RAW SC'!CX19/'Midterm OVPAA-F-INS-055A RAW SC'!CX$17*100) | DC19: {=IF('Midterm OVPAA-F-INS-055A RAW SC'!$G19="","",IF((SUMPRODUCT(--ISBLANK('Midterm OVPAA-F-INS-055A RAW SC'!CO19:CX19))=COLUMNS('Midterm OVPAA-F-INS-055A RAW SC'!CO19:CX19))=TRUE,"",(((COUNTA('Midterm OVPAA-F-INS-055A RAW SC'!$CO$17:$CX$17)+COUNTBLANK('Midterm OVPAA-F-INS-055A RAW SC'!CO19:CX19))-COLUMNS('Midterm OVPAA-F-INS-055A RAW SC'!CO19:CX19))*5+SUM(CS19:DB19))/COUNTA('Midterm OVPAA-F-INS-055A RAW SC'!$CO$17:$CX$17)))} -> 55 | DD19: =IF(DC19="","",VLOOKUP(DC19,IF('Midterm OVPAA-F-INS-055A RAW SC'!$V$12=0.5,TRANSMUTATION!$C$4:$D$17,TRANSMUTATION!$G$4:$H$17),2,TRUE)) -> 3 | DE19: =IF(BV19="","",(BV19*DE$15)) -> 0.75 | DF19: =IF(CR19="","",(CR19*DF$15)) -> 0.45 | DG19: =IF(DD19="","",(DD19*DG$15)) -> 1.2 | DH19: =IF($DF$15="",IF(OR(DE19="",DG19="")=TRUE,"",(SUM(DE19:DG19))),IF(OR(DE19="",DF19="",DG19="")=TRUE,"",(SUM(DE19:DG19)))) -> 2.4 | DI19: =IF(DH19="","",LOOKUP(DH19,{0,1.1251,1.3751,1.6251,1.8751,2.1251,2.3751,2.6251,2.8751,3.1251,3.3751,3.6251},{"1.00","1.25","1.50","1.75","2.00","2.25","2.50","2.75","3.00","3.25","3.50","5.00"})) -> 2.50
E20: 3 | F20: =IF(NOT(ISBLANK('Midterm OVPAA-F-INS-055A RAW SC'!F20)),'Midterm OVPAA-F-INS-055A RAW SC'!F20,"") -> 11 | G20: =IF(NOT(ISBLANK('Midterm OVPAA-F-INS-055A RAW SC'!G20)),'Midterm OVPAA-F-INS-055A RAW SC'!G20,"") -> Cabuco, Dean Krist A. | H20: 0 | I20: =IF('Midterm OVPAA-F-INS-055A RAW SC'!I20="","",'Midterm OVPAA-F-INS-055A RAW SC'!I20/'Midterm OVPAA-F-INS-055A RAW SC'!I$17*100) -> 93 | J20: =IF('Midterm OVPAA-F-INS-055A RAW SC'!J20="","",'Midterm OVPAA-F-INS-055A RAW SC'!J20/'Midterm OVPAA-F-INS-055A RAW SC'!J$17*100) -> 88 | K20: =IF('Midterm OVPAA-F-INS-055A RAW SC'!K20="","",'Midterm OVPAA-F-INS-055A RAW SC'!K20/'Midterm OVPAA-F-INS-055A RAW SC'!K$17*100) | L20: =IF('Midterm OVPAA-F-INS-055A RAW SC'!L20="","",'Midterm OVPAA-F-INS-055A RAW SC'!L20/'Midterm OVPAA-F-INS-055A RAW SC'!L$17*100) | M20: =IF('Midterm OVPAA-F-INS-055A RAW SC'!M20="","",'Midterm OVPAA-F-INS-055A RAW SC'!M20/'Midterm OVPAA-F-INS-055A RAW SC'!M$17*100) | N20: =IF('Midterm OVPAA-F-INS-055A RAW SC'!N20="","",'Midterm OVPAA-F-INS-055A RAW SC'!N20/'Midterm OVPAA-F-INS-055A RAW SC'!N$17*100) | O20: =IF('Midterm OVPAA-F-INS-055A RAW SC'!O20="","",'Midterm OVPAA-F-INS-055A RAW SC'!O20/'Midterm OVPAA-F-INS-055A RAW SC'!O$17*100) | P20: =IF('Midterm OVPAA-F-INS-055A RAW SC'!P20="","",'Midterm OVPAA-F-INS-055A RAW SC'!P20/'Midterm OVPAA-F-INS-055A RAW SC'!P$17*100) | ... BT20: =IF('Midterm OVPAA-F-INS-055A RAW SC'!BT20="","",'Midterm OVPAA-F-INS-055A RAW SC'!BT20/'Midterm OVPAA-F-INS-055A RAW SC'!BT$17*100) | BU20: {=IF('Midterm OVPAA-F-INS-055A RAW SC'!$G20="","",IF((SUMPRODUCT(--ISBLANK('Midterm OVPAA-F-INS-055A RAW SC'!H20:BT20))=COLUMNS('Midterm OVPAA-F-INS-055A RAW SC'!H20:BT20))=TRUE,"",(((COUNTA('Midterm OVPAA-F-INS-055A RAW SC'!$H$17:$BT$17)+COUNTBLANK('Midterm OVPAA-F-INS-055A RAW SC'!H20:BT20))-COLUMNS('Midterm OVPAA-F-INS-055A RAW SC'!H20:BT20))*5+SUM(H20:BT20))/COUNTA('Midterm OVPAA-F-INS-055A RAW SC'!$H$17:$BT$17)))} -> 60.333333 | BV20: =IF(BU20="","",VLOOKUP(BU20,IF('Midterm OVPAA-F-INS-055A RAW SC'!$V$12=0.5,TRANSMUTATION!$C$4:$D$17,TRANSMUTATION!$G$4:$H$17),2,TRUE)) -> 2.75 | BW20: =IF('Midterm OVPAA-F-INS-055A RAW SC'!BU20="","",'Midterm OVPAA-F-INS-055A RAW SC'!BU20/'Midterm OVPAA-F-INS-055A RAW SC'!BU$17*100) -> 94 | BX20: =IF('Midterm OVPAA-F-INS-055A RAW SC'!BV20="","",'Midterm OVPAA-F-INS-055A RAW SC'!BV20/'Midterm OVPAA-F-INS-055A RAW SC'!BV$17*100) -> 100 | BY20: =IF('Midterm OVPAA-F-INS-055A RAW SC'!BW20="","",'Midterm OVPAA-F-INS-055A RAW SC'!BW20/'Midterm OVPAA-F-INS-055A RAW SC'!BW$17*100) -> 100 | BZ20: =IF('Midterm OVPAA-F-INS-055A RAW SC'!BX20="","",'Midterm OVPAA-F-INS-055A RAW SC'!BX20/'Midterm OVPAA-F-INS-055A RAW SC'!BX$17*100) | CA20: =IF('Midterm OVPAA-F-INS-055A RAW SC'!BY20="","",'Midterm OVPAA-F-INS-055A RAW SC'!BY20/'Midterm OVPAA-F-INS-055A RAW SC'!BY$17*100) | CB20: =IF('Midterm OVPAA-F-INS-055A RAW SC'!BZ20="","",'Midterm OVPAA-F-INS-055A RAW SC'!BZ20/'Midterm OVPAA-F-INS-055A RAW SC'!BZ$17*100) | CC20: =IF('Midterm OVPAA-F-INS-055A RAW SC'!CA20="","",'Midterm OVPAA-F-INS-055A RAW SC'!CA20/'Midterm OVPAA-F-INS-055A RAW SC'!CA$17*100) | CD20: =IF('Midterm OVPAA-F-INS-055A RAW SC'!CB20="","",'Midterm OVPAA-F-INS-055A RAW SC'!CB20/'Midterm OVPAA-F-INS-055A RAW SC'!CB$17*100) | ... CP20: =IF('Midterm OVPAA-F-INS-055A RAW SC'!CN20="","",'Midterm OVPAA-F-INS-055A RAW SC'!CN20/'Midterm OVPAA-F-INS-055A RAW SC'!CN$17*100) | CQ20: {=IF('Midterm OVPAA-F-INS-055A RAW SC'!G20="","",IF((SUMPRODUCT(--ISBLANK('Midterm OVPAA-F-INS-055A RAW SC'!BU20:CN20))=COLUMNS('Midterm OVPAA-F-INS-055A RAW SC'!BU20:CN20))=TRUE,"",(((COUNTA('Midterm OVPAA-F-INS-055A RAW SC'!$BU$17:$CN$17)+COUNTBLANK('Midterm OVPAA-F-INS-055A RAW SC'!BU20:CN20))-COLUMNS('Midterm OVPAA-F-INS-055A RAW SC'!BU20:CN20))*5+SUM(BW20:CP20))/COUNTA('Midterm OVPAA-F-INS-055A RAW SC'!$BU$17:$CN$17)))} -> 98 | CR20: =IF(CQ20="","",VLOOKUP(CQ20,IF('Midterm OVPAA-F-INS-055A RAW SC'!$V$12=0.5,TRANSMUTATION!$C$4:$D$17,TRANSMUTATION!$G$4:$H$17),2,TRUE)) -> 1 | CS20: =IF('Midterm OVPAA-F-INS-055A RAW SC'!CO20="","",'Midterm OVPAA-F-INS-055A RAW SC'!CO20/'Midterm OVPAA-F-INS-055A RAW SC'!CO$17*100) -> 94 | CT20: =IF('Midterm OVPAA-F-INS-055A RAW SC'!CP20="","",'Midterm OVPAA-F-INS-055A RAW SC'!CP20/'Midterm OVPAA-F-INS-055A RAW SC'!CP$17*100) -> 88 | CU20: =IF('Midterm OVPAA-F-INS-055A RAW SC'!CQ20="","",'Midterm OVPAA-F-INS-055A RAW SC'!CQ20/'Midterm OVPAA-F-INS-055A RAW SC'!CQ$17*100) | CV20: =IF('Midterm OVPAA-F-INS-055A RAW SC'!CR20="","",'Midterm OVPAA-F-INS-055A RAW SC'!CR20/'Midterm OVPAA-F-INS-055A RAW SC'!CR$17*100) | CW20: =IF('Midterm OVPAA-F-INS-055A RAW SC'!CS20="","",'Midterm OVPAA-F-INS-055A RAW SC'!CS20/'Midterm OVPAA-F-INS-055A RAW SC'!CS$17*100) | CX20: =IF('Midterm OVPAA-F-INS-055A RAW SC'!CT20="","",'Midterm OVPAA-F-INS-055A RAW SC'!CT20/'Midterm OVPAA-F-INS-055A RAW SC'!CT$17*100) | CY20: =IF('Midterm OVPAA-F-INS-055A RAW SC'!CU20="","",'Midterm OVPAA-F-INS-055A RAW SC'!CU20/'Midterm OVPAA-F-INS-055A RAW SC'!CU$17*100) | CZ20: =IF('Midterm OVPAA-F-INS-055A RAW SC'!CV20="","",'Midterm OVPAA-F-INS-055A RAW SC'!CV20/'Midterm OVPAA-F-INS-055A RAW SC'!CV$17*100) | ... DB20: =IF('Midterm OVPAA-F-INS-055A RAW SC'!CX20="","",'Midterm OVPAA-F-INS-055A RAW SC'!CX20/'Midterm OVPAA-F-INS-055A RAW SC'!CX$17*100) | DC20: {=IF('Midterm OVPAA-F-INS-055A RAW SC'!$G20="","",IF((SUMPRODUCT(--ISBLANK('Midterm OVPAA-F-INS-055A RAW SC'!CO20:CX20))=COLUMNS('Midterm OVPAA-F-INS-055A RAW SC'!CO20:CX20))=TRUE,"",(((COUNTA('Midterm OVPAA-F-INS-055A RAW SC'!$CO$17:$CX$17)+COUNTBLANK('Midterm OVPAA-F-INS-055A RAW SC'!CO20:CX20))-COLUMNS('Midterm OVPAA-F-INS-055A RAW SC'!CO20:CX20))*5+SUM(CS20:DB20))/COUNTA('Midterm OVPAA-F-INS-055A RAW SC'!$CO$17:$CX$17)))} -> 91 | DD20: =IF(DC20="","",VLOOKUP(DC20,IF('Midterm OVPAA-F-INS-055A RAW SC'!$V$12=0.5,TRANSMUTATION!$C$4:$D$17,TRANSMUTATION!$G$4:$H$17),2,TRUE)) -> 1.25 | DE20: =IF(BV20="","",(BV20*DE$15)) -> 0.825 | DF20: =IF(CR20="","",(CR20*DF$15)) -> 0.3 | DG20: =IF(DD20="","",(DD20*DG$15)) -> 0.5 | DH20: =IF($DF$15="",IF(OR(DE20="",DG20="")=TRUE,"",(SUM(DE20:DG20))),IF(OR(DE20="",DF20="",DG20="")=TRUE,"",(SUM(DE20:DG20)))) -> 1.625 | DI20: =IF(DH20="","",LOOKUP(DH20,{0,1.1251,1.3751,1.6251,1.8751,2.1251,2.3751,2.6251,2.8751,3.1251,3.3751,3.6251},{"1.00","1.25","1.50","1.75","2.00","2.25","2.50","2.75","3.00","3.25","3.50","5.00"})) -> 1.50
E21: 4 | F21: =IF(NOT(ISBLANK('Midterm OVPAA-F-INS-055A RAW SC'!F21)),'Midterm OVPAA-F-INS-055A RAW SC'!F21,"") -> 12 | G21: =IF(NOT(ISBLANK('Midterm OVPAA-F-INS-055A RAW SC'!G21)),'Midterm OVPAA-F-INS-055A RAW SC'!G21,"") -> YANYAN | H21: 70 | I21: 70 | J21: 70 | K21: =IF('Midterm OVPAA-F-INS-055A RAW SC'!K21="","",'Midterm OVPAA-F-INS-055A RAW SC'!K21/'Midterm OVPAA-F-INS-055A RAW SC'!K$17*100) | L21: =IF('Midterm OVPAA-F-INS-055A RAW SC'!L21="","",'Midterm OVPAA-F-INS-055A RAW SC'!L21/'Midterm OVPAA-F-INS-055A RAW SC'!L$17*100) | M21: =IF('Midterm OVPAA-F-INS-055A RAW SC'!M21="","",'Midterm OVPAA-F-INS-055A RAW SC'!M21/'Midterm OVPAA-F-INS-055A RAW SC'!M$17*100) | N21: =IF('Midterm OVPAA-F-INS-055A RAW SC'!N21="","",'Midterm OVPAA-F-INS-055A RAW SC'!N21/'Midterm OVPAA-F-INS-055A RAW SC'!N$17*100) | O21: =IF('Midterm OVPAA-F-INS-055A RAW SC'!O21="","",'Midterm OVPAA-F-INS-055A RAW SC'!O21/'Midterm OVPAA-F-INS-055A RAW SC'!O$17*100) | P21: =IF('Midterm OVPAA-F-INS-055A RAW SC'!P21="","",'Midterm OVPAA-F-INS-055A RAW SC'!P21/'Midterm OVPAA-F-INS-055A RAW SC'!P$17*100) | Q21: =IF('Midterm OVPAA-F-INS-055A RAW SC'!Q21="","",'Midterm OVPAA-F-INS-055A RAW SC'!Q21/'Midterm OVPAA-F-INS-055A RAW SC'!Q$17*100) | R21: =IF('Midterm OVPAA-F-INS-055A RAW SC'!R21="","",'Midterm OVPAA-F-INS-055A RAW SC'!R21/'Midterm OVPAA-F-INS-055A RAW SC'!R$17*100) | ... BT21: =IF('Midterm OVPAA-F-INS-055A RAW SC'!BT21="","",'Midterm OVPAA-F-INS-055A RAW SC'!BT21/'Midterm OVPAA-F-INS-055A RAW SC'!BT$17*100) | BU21: {=IF('Midterm OVPAA-F-INS-055A RAW SC'!$G21="","",IF((SUMPRODUCT(--ISBLANK('Midterm OVPAA-F-INS-055A RAW SC'!H21:BT21))=COLUMNS('Midterm OVPAA-F-INS-055A RAW SC'!H21:BT21))=TRUE,"",(((COUNTA('Midterm OVPAA-F-INS-055A RAW SC'!$H$17:$BT$17)+COUNTBLANK('Midterm OVPAA-F-INS-055A RAW SC'!H21:BT21))-COLUMNS('Midterm OVPAA-F-INS-055A RAW SC'!H21:BT21))*5+SUM(H21:BT21))/COUNTA('Midterm OVPAA-F-INS-055A RAW SC'!$H$17:$BT$17)))} -> 70 | BV21: =IF(BU21="","",VLOOKUP(BU21,IF('Midterm OVPAA-F-INS-055A RAW SC'!$V$12=0.5,TRANSMUTATION!$C$4:$D$17,TRANSMUTATION!$G$4:$H$17),2,TRUE)) -> 2.25 | BW21: =IF('Midterm OVPAA-F-INS-055A RAW SC'!BU21="","",'Midterm OVPAA-F-INS-055A RAW SC'!BU21/'Midterm OVPAA-F-INS-055A RAW SC'!BU$17*100) -> 80 | BX21: =IF('Midterm OVPAA-F-INS-055A RAW SC'!BV21="","",'Midterm OVPAA-F-INS-055A RAW SC'!BV21/'Midterm OVPAA-F-INS-055A RAW SC'!BV$17*100) -> 100 | BY21: =IF('Midterm OVPAA-F-INS-055A RAW SC'!BW21="","",'Midterm OVPAA-F-INS-055A RAW SC'!BW21/'Midterm OVPAA-F-INS-055A RAW SC'!BW$17*100) -> 90 | BZ21: =IF('Midterm OVPAA-F-INS-055A RAW SC'!BX21="","",'Midterm OVPAA-F-INS-055A RAW SC'!BX21/'Midterm OVPAA-F-INS-055A RAW SC'!BX$17*100) | CA21: =IF('Midterm OVPAA-F-INS-055A RAW SC'!BY21="","",'Midterm OVPAA-F-INS-055A RAW SC'!BY21/'Midterm OVPAA-F-INS-055A RAW SC'!BY$17*100) | CB21: =IF('Midterm OVPAA-F-INS-055A RAW SC'!BZ21="","",'Midterm OVPAA-F-INS-055A RAW SC'!BZ21/'Midterm OVPAA-F-INS-055A RAW SC'!BZ$17*100) | CC21: =IF('Midterm OVPAA-F-INS-055A RAW SC'!CA21="","",'Midterm OVPAA-F-INS-055A RAW SC'!CA21/'Midterm OVPAA-F-INS-055A RAW SC'!CA$17*100) | CD21: =IF('Midterm OVPAA-F-INS-055A RAW SC'!CB21="","",'Midterm OVPAA-F-INS-055A RAW SC'!CB21/'Midterm OVPAA-F-INS-055A RAW SC'!CB$17*100) | ... CP21: =IF('Midterm OVPAA-F-INS-055A RAW SC'!CN21="","",'Midterm OVPAA-F-INS-055A RAW SC'!CN21/'Midterm OVPAA-F-INS-055A RAW SC'!CN$17*100) | CQ21: {=IF('Midterm OVPAA-F-INS-055A RAW SC'!G21="","",IF((SUMPRODUCT(--ISBLANK('Midterm OVPAA-F-INS-055A RAW SC'!BU21:CN21))=COLUMNS('Midterm OVPAA-F-INS-055A RAW SC'!BU21:CN21))=TRUE,"",(((COUNTA('Midterm OVPAA-F-INS-055A RAW SC'!$BU$17:$CN$17)+COUNTBLANK('Midterm OVPAA-F-INS-055A RAW SC'!BU21:CN21))-COLUMNS('Midterm OVPAA-F-INS-055A RAW SC'!BU21:CN21))*5+SUM(BW21:CP21))/COUNTA('Midterm OVPAA-F-INS-055A RAW SC'!$BU$17:$CN$17)))} -> 90 | CR21: =IF(CQ21="","",VLOOKUP(CQ21,IF('Midterm OVPAA-F-INS-055A RAW SC'!$V$12=0.5,TRANSMUTATION!$C$4:$D$17,TRANSMUTATION!$G$4:$H$17),2,TRUE)) -> 1.5 | CS21: =IF('Midterm OVPAA-F-INS-055A RAW SC'!CO21="","",'Midterm OVPAA-F-INS-055A RAW SC'!CO21/'Midterm OVPAA-F-INS-055A RAW SC'!CO$17*100) -> 72 | CT21: =IF('Midterm OVPAA-F-INS-055A RAW SC'!CP21="","",'Midterm OVPAA-F-INS-055A RAW SC'!CP21/'Midterm OVPAA-F-INS-055A RAW SC'!CP$17*100) -> 72 | CU21: =IF('Midterm OVPAA-F-INS-055A RAW SC'!CQ21="","",'Midterm OVPAA-F-INS-055A RAW SC'!CQ21/'Midterm OVPAA-F-INS-055A RAW SC'!CQ$17*100) | CV21: =IF('Midterm OVPAA-F-INS-055A RAW SC'!CR21="","",'Midterm OVPAA-F-INS-055A RAW SC'!CR21/'Midterm OVPAA-F-INS-055A RAW SC'!CR$17*100) | CW21: =IF('Midterm OVPAA-F-INS-055A RAW SC'!CS21="","",'Midterm OVPAA-F-INS-055A RAW SC'!CS21/'Midterm OVPAA-F-INS-055A RAW SC'!CS$17*100) | CX21: =IF('Midterm OVPAA-F-INS-055A RAW SC'!CT21="","",'Midterm OVPAA-F-INS-055A RAW SC'!CT21/'Midterm OVPAA-F-INS-055A RAW SC'!CT$17*100) | CY21: =IF('Midterm OVPAA-F-INS-055A RAW SC'!CU21="","",'Midterm OVPAA-F-INS-055A RAW SC'!CU21/'Midterm OVPAA-F-INS-055A RAW SC'!CU$17*100) | CZ21: =IF('Midterm OVPAA-F-INS-055A RAW SC'!CV21="","",'Midterm OVPAA-F-INS-055A RAW SC'!CV21/'Midterm OVPAA-F-INS-055A RAW SC'!CV$17*100) | ... DB21: =IF('Midterm OVPAA-F-INS-055A RAW SC'!CX21="","",'Midterm OVPAA-F-INS-055A RAW SC'!CX21/'Midterm OVPAA-F-INS-055A RAW SC'!CX$17*100) | DC21: {=IF('Midterm OVPAA-F-INS-055A RAW SC'!$G21="","",IF((SUMPRODUCT(--ISBLANK('Midterm OVPAA-F-INS-055A RAW SC'!CO21:CX21))=COLUMNS('Midterm OVPAA-F-INS-055A RAW SC'!CO21:CX21))=TRUE,"",(((COUNTA('Midterm OVPAA-F-INS-055A RAW SC'!$CO$17:$CX$17)+COUNTBLANK('Midterm OVPAA-F-INS-055A RAW SC'!CO21:CX21))-COLUMNS('Midterm OVPAA-F-INS-055A RAW SC'!CO21:CX21))*5+SUM(CS21:DB21))/COUNTA('Midterm OVPAA-F-INS-055A RAW SC'!$CO$17:$CX$17)))} -> 72 | DD21: =IF(DC21="","",VLOOKUP(DC21,IF('Midterm OVPAA-F-INS-055A RAW SC'!$V$12=0.5,TRANSMUTATION!$C$4:$D$17,TRANSMUTATION!$G$4:$H$17),2,TRUE)) -> 2.25 | DE21: =IF(BV21="","",(BV21*DE$15)) -> 0.675 | DF21: =IF(CR21="","",(CR21*DF$15)) -> 0.45 | DG21: =IF(DD21="","",(DD21*DG$15)) -> 0.9 | DH21: =IF($DF$15="",IF(OR(DE21="",DG21="")=TRUE,"",(SUM(DE21:DG21))),IF(OR(DE21="",DF21="",DG21="")=TRUE,"",(SUM(DE21:DG21)))) -> 2.025 | DI21: =IF(DH21="","",LOOKUP(DH21,{0,1.1251,1.3751,1.6251,1.8751,2.1251,2.3751,2.6251,2.8751,3.1251,3.3751,3.6251},{"1.00","1.25","1.50","1.75","2.00","2.25","2.50","2.75","3.00","3.25","3.50","5.00"})) -> 2.00
E22: 5 | F22: =IF(NOT(ISBLANK('Midterm OVPAA-F-INS-055A RAW SC'!F22)),'Midterm OVPAA-F-INS-055A RAW SC'!F22,"") -> 13 | G22: =IF(NOT(ISBLANK('Midterm OVPAA-F-INS-055A RAW SC'!G22)),'Midterm OVPAA-F-INS-055A RAW SC'!G22,"") -> Dela Cerna, Johann Derek Javier | H22: =IF('Midterm OVPAA-F-INS-055A RAW SC'!H22="","",'Midterm OVPAA-F-INS-055A RAW SC'!H22/'Midterm OVPAA-F-INS-055A RAW SC'!H$17*100) -> 70 | I22: =IF('Midterm OVPAA-F-INS-055A RAW SC'!I22="","",'Midterm OVPAA-F-INS-055A RAW SC'!I22/'Midterm OVPAA-F-INS-055A RAW SC'!I$17*100) -> 92 | J22: =IF('Midterm OVPAA-F-INS-055A RAW SC'!J22="","",'Midterm OVPAA-F-INS-055A RAW SC'!J22/'Midterm OVPAA-F-INS-055A RAW SC'!J$17*100) -> 90 | K22: =IF('Midterm OVPAA-F-INS-055A RAW SC'!K22="","",'Midterm OVPAA-F-INS-055A RAW SC'!K22/'Midterm OVPAA-F-INS-055A RAW SC'!K$17*100) | L22: =IF('Midterm OVPAA-F-INS-055A RAW SC'!L22="","",'Midterm OVPAA-F-INS-055A RAW SC'!L22/'Midterm OVPAA-F-INS-055A RAW SC'!L$17*100) | M22: =IF('Midterm OVPAA-F-INS-055A RAW SC'!M22="","",'Midterm OVPAA-F-INS-055A RAW SC'!M22/'Midterm OVPAA-F-INS-055A RAW SC'!M$17*100) | N22: =IF('Midterm OVPAA-F-INS-055A RAW SC'!N22="","",'Midterm OVPAA-F-INS-055A RAW SC'!N22/'Midterm OVPAA-F-INS-055A RAW SC'!N$17*100) | O22: =IF('Midterm OVPAA-F-INS-055A RAW SC'!O22="","",'Midterm OVPAA-F-INS-055A RAW SC'!O22/'Midterm OVPAA-F-INS-055A RAW SC'!O$17*100) | ... BT22: =IF('Midterm OVPAA-F-INS-055A RAW SC'!BT22="","",'Midterm OVPAA-F-INS-055A RAW SC'!BT22/'Midterm OVPAA-F-INS-055A RAW SC'!BT$17*100) | BU22: {=IF('Midterm OVPAA-F-INS-055A RAW SC'!$G22="","",IF((SUMPRODUCT(--ISBLANK('Midterm OVPAA-F-INS-055A RAW SC'!H22:BT22))=COLUMNS('Midterm OVPAA-F-INS-055A RAW SC'!H22:BT22))=TRUE,"",(((COUNTA('Midterm OVPAA-F-INS-055A RAW SC'!$H$17:$BT$17)+COUNTBLANK('Midterm OVPAA-F-INS-055A RAW SC'!H22:BT22))-COLUMNS('Midterm OVPAA-F-INS-055A RAW SC'!H22:BT22))*5+SUM(H22:BT22))/COUNTA('Midterm OVPAA-F-INS-055A RAW SC'!$H$17:$BT$17)))} -> 84 | BV22: =IF(BU22="","",VLOOKUP(BU22,IF('Midterm OVPAA-F-INS-055A RAW SC'!$V$12=0.5,TRANSMUTATION!$C$4:$D$17,TRANSMUTATION!$G$4:$H$17),2,TRUE)) -> 1.75 | BW22: =IF('Midterm OVPAA-F-INS-055A RAW SC'!BU22="","",'Midterm OVPAA-F-INS-055A RAW SC'!BU22/'Midterm OVPAA-F-INS-055A RAW SC'!BU$17*100) -> 70 | BX22: =IF('Midterm OVPAA-F-INS-055A RAW SC'!BV22="","",'Midterm OVPAA-F-INS-055A RAW SC'!BV22/'Midterm OVPAA-F-INS-055A RAW SC'!BV$17*100) -> 100 | BY22: =IF('Midterm OVPAA-F-INS-055A RAW SC'!BW22="","",'Midterm OVPAA-F-INS-055A RAW SC'!BW22/'Midterm OVPAA-F-INS-055A RAW SC'!BW$17*100) -> 100 | BZ22: =IF('Midterm OVPAA-F-INS-055A RAW SC'!BX22="","",'Midterm OVPAA-F-INS-055A RAW SC'!BX22/'Midterm OVPAA-F-INS-055A RAW SC'!BX$17*100) | CA22: =IF('Midterm OVPAA-F-INS-055A RAW SC'!BY22="","",'Midterm OVPAA-F-INS-055A RAW SC'!BY22/'Midterm OVPAA-F-INS-055A RAW SC'!BY$17*100) | CB22: =IF('Midterm OVPAA-F-INS-055A RAW SC'!BZ22="","",'Midterm OVPAA-F-INS-055A RAW SC'!BZ22/'Midterm OVPAA-F-INS-055A RAW SC'!BZ$17*100) | CC22: =IF('Midterm OVPAA-F-INS-055A RAW SC'!CA22="","",'Midterm OVPAA-F-INS-055A RAW SC'!CA22/'Midterm OVPAA-F-INS-055A RAW SC'!CA$17*100) | CD22: =IF('Midterm OVPAA-F-INS-055A RAW SC'!CB22="","",'Midterm OVPAA-F-INS-055A RAW SC'!CB22/'Midterm OVPAA-F-INS-055A RAW SC'!CB$17*100) | ... CP22: =IF('Midterm OVPAA-F-INS-055A RAW SC'!CN22="","",'Midterm OVPAA-F-INS-055A RAW SC'!CN22/'Midterm OVPAA-F-INS-055A RAW SC'!CN$17*100) | CQ22: {=IF('Midterm OVPAA-F-INS-055A RAW SC'!G22="","",IF((SUMPRODUCT(--ISBLANK('Midterm OVPAA-F-INS-055A RAW SC'!BU22:CN22))=COLUMNS('Midterm OVPAA-F-INS-055A RAW SC'!BU22:CN22))=TRUE,"",(((COUNTA('Midterm OVPAA-F-INS-055A RAW SC'!$BU$17:$CN$17)+COUNTBLANK('Midterm OVPAA-F-INS-055A RAW SC'!BU22:CN22))-COLUMNS('Midterm OVPAA-F-INS-055A RAW SC'!BU22:CN22))*5+SUM(BW22:CP22))/COUNTA('Midterm OVPAA-F-INS-055A RAW SC'!$BU$17:$CN$17)))} -> 90 | CR22: =IF(CQ22="","",VLOOKUP(CQ22,IF('Midterm OVPAA-F-INS-055A RAW SC'!$V$12=0.5,TRANSMUTATION!$C$4:$D$17,TRANSMUTATION!$G$4:$H$17),2,TRUE)) -> 1.5 | CS22: =IF('Midterm OVPAA-F-INS-055A RAW SC'!CO22="","",'Midterm OVPAA-F-INS-055A RAW SC'!CO22/'Midterm OVPAA-F-INS-055A RAW SC'!CO$17*100) -> 76 | CT22: =IF('Midterm OVPAA-F-INS-055A RAW SC'!CP22="","",'Midterm OVPAA-F-INS-055A RAW SC'!CP22/'Midterm OVPAA-F-INS-055A RAW SC'!CP$17*100) -> 86 | CU22: =IF('Midterm OVPAA-F-INS-055A RAW SC'!CQ22="","",'Midterm OVPAA-F-INS-055A RAW SC'!CQ22/'Midterm OVPAA-F-INS-055A RAW SC'!CQ$17*100) | CV22: =IF('Midterm OVPAA-F-INS-055A RAW SC'!CR22="","",'Midterm OVPAA-F-INS-055A RAW SC'!CR22/'Midterm OVPAA-F-INS-055A RAW SC'!CR$17*100) | CW22: =IF('Midterm OVPAA-F-INS-055A RAW SC'!CS22="","",'Midterm OVPAA-F-INS-055A RAW SC'!CS22/'Midterm OVPAA-F-INS-055A RAW SC'!CS$17*100) | CX22: =IF('Midterm OVPAA-F-INS-055A RAW SC'!CT22="","",'Midterm OVPAA-F-INS-055A RAW SC'!CT22/'Midterm OVPAA-F-INS-055A RAW SC'!CT$17*100) | CY22: =IF('Midterm OVPAA-F-INS-055A RAW SC'!CU22="","",'Midterm OVPAA-F-INS-055A RAW SC'!CU22/'Midterm OVPAA-F-INS-055A RAW SC'!CU$17*100) | CZ22: =IF('Midterm OVPAA-F-INS-055A RAW SC'!CV22="","",'Midterm OVPAA-F-INS-055A RAW SC'!CV22/'Midterm OVPAA-F-INS-055A RAW SC'!CV$17*100) | ... DB22: =IF('Midterm OVPAA-F-INS-055A RAW SC'!CX22="","",'Midterm OVPAA-F-INS-055A RAW SC'!CX22/'Midterm OVPAA-F-INS-055A RAW SC'!CX$17*100) | DC22: {=IF('Midterm OVPAA-F-INS-055A RAW SC'!$G22="","",IF((SUMPRODUCT(--ISBLANK('Midterm OVPAA-F-INS-055A RAW SC'!CO22:CX22))=COLUMNS('Midterm OVPAA-F-INS-055A RAW SC'!CO22:CX22))=TRUE,"",(((COUNTA('Midterm OVPAA-F-INS-055A RAW SC'!$CO$17:$CX$17)+COUNTBLANK('Midterm OVPAA-F-INS-055A RAW SC'!CO22:CX22))-COLUMNS('Midterm OVPAA-F-INS-055A RAW SC'!CO22:CX22))*5+SUM(CS22:DB22))/COUNTA('Midterm OVPAA-F-INS-055A RAW SC'!$CO$17:$CX$17)))} -> 81 | DD22: =IF(DC22="","",VLOOKUP(DC22,IF('Midterm OVPAA-F-INS-055A RAW SC'!$V$12=0.5,TRANSMUTATION!$C$4:$D$17,TRANSMUTATION!$G$4:$H$17),2,TRUE)) -> 1.75 | DE22: =IF(BV22="","",(BV22*DE$15)) -> 0.525 | DF22: =IF(CR22="","",(CR22*DF$15)) -> 0.45 | DG22: =IF(DD22="","",(DD22*DG$15)) -> 0.7 | DH22: =IF($DF$15="",IF(OR(DE22="",DG22="")=TRUE,"",(SUM(DE22:DG22))),IF(OR(DE22="",DF22="",DG22="")=TRUE,"",(SUM(DE22:DG22)))) -> 1.675 | DI22: =IF(DH22="","",LOOKUP(DH22,{0,1.1251,1.3751,1.6251,1.8751,2.1251,2.3751,2.6251,2.8751,3.1251,3.3751,3.6251},{"1.00","1.25","1.50","1.75","2.00","2.25","2.50","2.75","3.00","3.25","3.50","5.00"})) -> 1.75
E23: 6 | F23: =IF(NOT(ISBLANK('Midterm OVPAA-F-INS-055A RAW SC'!F23)),'Midterm OVPAA-F-INS-055A RAW SC'!F23,"") -> 14 | G23: =IF(NOT(ISBLANK('Midterm OVPAA-F-INS-055A RAW SC'!G23)),'Midterm OVPAA-F-INS-055A RAW SC'!G23,"") -> Delfin, Kyle Arnie Jopson | H23: =IF('Midterm OVPAA-F-INS-055A RAW SC'!H23="","",'Midterm OVPAA-F-INS-055A RAW SC'!H23/'Midterm OVPAA-F-INS-055A RAW SC'!H$17*100) -> 80 | I23: 0 | J23: =IF('Midterm OVPAA-F-INS-055A RAW SC'!J23="","",'Midterm OVPAA-F-INS-055A RAW SC'!J23/'Midterm OVPAA-F-INS-055A RAW SC'!J$17*100) -> 84 | K23: =IF('Midterm OVPAA-F-INS-055A RAW SC'!K23="","",'Midterm OVPAA-F-INS-055A RAW SC'!K23/'Midterm OVPAA-F-INS-055A RAW SC'!K$17*100) | L23: =IF('Midterm OVPAA-F-INS-055A RAW SC'!L23="","",'Midterm OVPAA-F-INS-055A RAW SC'!L23/'Midterm OVPAA-F-INS-055A RAW SC'!L$17*100) | M23: =IF('Midterm OVPAA-F-INS-055A RAW SC'!M23="","",'Midterm OVPAA-F-INS-055A RAW SC'!M23/'Midterm OVPAA-F-INS-055A RAW SC'!M$17*100) | N23: =IF('Midterm OVPAA-F-INS-055A RAW SC'!N23="","",'Midterm OVPAA-F-INS-055A RAW SC'!N23/'Midterm OVPAA-F-INS-055A RAW SC'!N$17*100) | O23: =IF('Midterm OVPAA-F-INS-055A RAW SC'!O23="","",'Midterm OVPAA-F-INS-055A RAW SC'!O23/'Midterm OVPAA-F-INS-055A RAW SC'!O$17*100) | P23: =IF('Midterm OVPAA-F-INS-055A RAW SC'!P23="","",'Midterm OVPAA-F-INS-055A RAW SC'!P23/'Midterm OVPAA-F-INS-055A RAW SC'!P$17*100) | Q23: =IF('Midterm OVPAA-F-INS-055A RAW SC'!Q23="","",'Midterm OVPAA-F-INS-055A RAW SC'!Q23/'Midterm OVPAA-F-INS-055A RAW SC'!Q$17*100) | ... BT23: =IF('Midterm OVPAA-F-INS-055A RAW SC'!BT23="","",'Midterm OVPAA-F-INS-055A RAW SC'!BT23/'Midterm OVPAA-F-INS-055A RAW SC'!BT$17*100) | BU23: {=IF('Midterm OVPAA-F-INS-055A RAW SC'!$G23="","",IF((SUMPRODUCT(--ISBLANK('Midterm OVPAA-F-INS-055A RAW SC'!H23:BT23))=COLUMNS('Midterm OVPAA-F-INS-055A RAW SC'!H23:BT23))=TRUE,"",(((COUNTA('Midterm OVPAA-F-INS-055A RAW SC'!$H$17:$BT$17)+COUNTBLANK('Midterm OVPAA-F-INS-055A RAW SC'!H23:BT23))-COLUMNS('Midterm OVPAA-F-INS-055A RAW SC'!H23:BT23))*5+SUM(H23:BT23))/COUNTA('Midterm OVPAA-F-INS-055A RAW SC'!$H$17:$BT$17)))} -> 54.666667 | BV23: =IF(BU23="","",VLOOKUP(BU23,IF('Midterm OVPAA-F-INS-055A RAW SC'!$V$12=0.5,TRANSMUTATION!$C$4:$D$17,TRANSMUTATION!$G$4:$H$17),2,TRUE)) -> 3 | BW23: =IF('Midterm OVPAA-F-INS-055A RAW SC'!BU23="","",'Midterm OVPAA-F-INS-055A RAW SC'!BU23/'Midterm OVPAA-F-INS-055A RAW SC'!BU$17*100) -> 80 | BX23: =IF('Midterm OVPAA-F-INS-055A RAW SC'!BV23="","",'Midterm OVPAA-F-INS-055A RAW SC'!BV23/'Midterm OVPAA-F-INS-055A RAW SC'!BV$17*100) -> 100 | BY23: =IF('Midterm OVPAA-F-INS-055A RAW SC'!BW23="","",'Midterm OVPAA-F-INS-055A RAW SC'!BW23/'Midterm OVPAA-F-INS-055A RAW SC'!BW$17*100) -> 100 | BZ23: =IF('Midterm OVPAA-F-INS-055A RAW SC'!BX23="","",'Midterm OVPAA-F-INS-055A RAW SC'!BX23/'Midterm OVPAA-F-INS-055A RAW SC'!BX$17*100) | CA23: =IF('Midterm OVPAA-F-INS-055A RAW SC'!BY23="","",'Midterm OVPAA-F-INS-055A RAW SC'!BY23/'Midterm OVPAA-F-INS-055A RAW SC'!BY$17*100) | CB23: =IF('Midterm OVPAA-F-INS-055A RAW SC'!BZ23="","",'Midterm OVPAA-F-INS-055A RAW SC'!BZ23/'Midterm OVPAA-F-INS-055A RAW SC'!BZ$17*100) | CC23: =IF('Midterm OVPAA-F-INS-055A RAW SC'!CA23="","",'Midterm OVPAA-F-INS-055A RAW SC'!CA23/'Midterm OVPAA-F-INS-055A RAW SC'!CA$17*100) | CD23: =IF('Midterm OVPAA-F-INS-055A RAW SC'!CB23="","",'Midterm OVPAA-F-INS-055A RAW SC'!CB23/'Midterm OVPAA-F-INS-055A RAW SC'!CB$17*100) | ... CP23: =IF('Midterm OVPAA-F-INS-055A RAW SC'!CN23="","",'Midterm OVPAA-F-INS-055A RAW SC'!CN23/'Midterm OVPAA-F-INS-055A RAW SC'!CN$17*100) | CQ23: {=IF('Midterm OVPAA-F-INS-055A RAW SC'!G23="","",IF((SUMPRODUCT(--ISBLANK('Midterm OVPAA-F-INS-055A RAW SC'!BU23:CN23))=COLUMNS('Midterm OVPAA-F-INS-055A RAW SC'!BU23:CN23))=TRUE,"",(((COUNTA('Midterm OVPAA-F-INS-055A RAW SC'!$BU$17:$CN$17)+COUNTBLANK('Midterm OVPAA-F-INS-055A RAW SC'!BU23:CN23))-COLUMNS('Midterm OVPAA-F-INS-055A RAW SC'!BU23:CN23))*5+SUM(BW23:CP23))/COUNTA('Midterm OVPAA-F-INS-055A RAW SC'!$BU$17:$CN$17)))} -> 93.333333 | CR23: =IF(CQ23="","",VLOOKUP(CQ23,IF('Midterm OVPAA-F-INS-055A RAW SC'!$V$12=0.5,TRANSMUTATION!$C$4:$D$17,TRANSMUTATION!$G$4:$H$17),2,TRUE)) -> 1.25 | CS23: =IF('Midterm OVPAA-F-INS-055A RAW SC'!CO23="","",'Midterm OVPAA-F-INS-055A RAW SC'!CO23/'Midterm OVPAA-F-INS-055A RAW SC'!CO$17*100) -> 92 | CT23: =IF('Midterm OVPAA-F-INS-055A RAW SC'!CP23="","",'Midterm OVPAA-F-INS-055A RAW SC'!CP23/'Midterm OVPAA-F-INS-055A RAW SC'!CP$17*100) -> 80 | CU23: =IF('Midterm OVPAA-F-INS-055A RAW SC'!CQ23="","",'Midterm OVPAA-F-INS-055A RAW SC'!CQ23/'Midterm OVPAA-F-INS-055A RAW SC'!CQ$17*100) | CV23: =IF('Midterm OVPAA-F-INS-055A RAW SC'!CR23="","",'Midterm OVPAA-F-INS-055A RAW SC'!CR23/'Midterm OVPAA-F-INS-055A RAW SC'!CR$17*100) | CW23: =IF('Midterm OVPAA-F-INS-055A RAW SC'!CS23="","",'Midterm OVPAA-F-INS-055A RAW SC'!CS23/'Midterm OVPAA-F-INS-055A RAW SC'!CS$17*100) | CX23: =IF('Midterm OVPAA-F-INS-055A RAW SC'!CT23="","",'Midterm OVPAA-F-INS-055A RAW SC'!CT23/'Midterm OVPAA-F-INS-055A RAW SC'!CT$17*100) | CY23: =IF('Midterm OVPAA-F-INS-055A RAW SC'!CU23="","",'Midterm OVPAA-F-INS-055A RAW SC'!CU23/'Midterm OVPAA-F-INS-055A RAW SC'!CU$17*100) | CZ23: =IF('Midterm OVPAA-F-INS-055A RAW SC'!CV23="","",'Midterm OVPAA-F-INS-055A RAW SC'!CV23/'Midterm OVPAA-F-INS-055A RAW SC'!CV$17*100) | ... DB23: =IF('Midterm OVPAA-F-INS-055A RAW SC'!CX23="","",'Midterm OVPAA-F-INS-055A RAW SC'!CX23/'Midterm OVPAA-F-INS-055A RAW SC'!CX$17*100) | DC23: {=IF('Midterm OVPAA-F-INS-055A RAW SC'!$G23="","",IF((SUMPRODUCT(--ISBLANK('Midterm OVPAA-F-INS-055A RAW SC'!CO23:CX23))=COLUMNS('Midterm OVPAA-F-INS-055A RAW SC'!CO23:CX23))=TRUE,"",(((COUNTA('Midterm OVPAA-F-INS-055A RAW SC'!$CO$17:$CX$17)+COUNTBLANK('Midterm OVPAA-F-INS-055A RAW SC'!CO23:CX23))-COLUMNS('Midterm OVPAA-F-INS-055A RAW SC'!CO23:CX23))*5+SUM(CS23:DB23))/COUNTA('Midterm OVPAA-F-INS-055A RAW SC'!$CO$17:$CX$17)))} -> 86 | DD23: =IF(DC23="","",VLOOKUP(DC23,IF('Midterm OVPAA-F-INS-055A RAW SC'!$V$12=0.5,TRANSMUTATION!$C$4:$D$17,TRANSMUTATION!$G$4:$H$17),2,TRUE)) -> 1.5 | DE23: =IF(BV23="","",(BV23*DE$15)) -> 0.9 | DF23: =IF(CR23="","",(CR23*DF$15)) -> 0.375 | DG23: =IF(DD23="","",(DD23*DG$15)) -> 0.6 | DH23: =IF($DF$15="",IF(OR(DE23="",DG23="")=TRUE,"",(SUM(DE23:DG23))),IF(OR(DE23="",DF23="",DG23="")=TRUE,"",(SUM(DE23:DG23)))) -> 1.875 | DI23: =IF(DH23="","",LOOKUP(DH23,{0,1.1251,1.3751,1.6251,1.8751,2.1251,2.3751,2.6251,2.8751,3.1251,3.3751,3.6251},{"1.00","1.25","1.50","1.75","2.00","2.25","2.50","2.75","3.00","3.25","3.50","5.00"})) -> 1.75
E24: 7 | F24: =IF(NOT(ISBLANK('Midterm OVPAA-F-INS-055A RAW SC'!F24)),'Midterm OVPAA-F-INS-055A RAW SC'!F24,"") -> 15 | G24: =IF(NOT(ISBLANK('Midterm OVPAA-F-INS-055A RAW SC'!G24)),'Midterm OVPAA-F-INS-055A RAW SC'!G24,"") -> Gumapac, Jannerie | H24: =IF('Midterm OVPAA-F-INS-055A RAW SC'!H24="","",'Midterm OVPAA-F-INS-055A RAW SC'!H24/'Midterm OVPAA-F-INS-055A RAW SC'!H$17*100) -> 72 | I24: 0 | J24: =IF('Midterm OVPAA-F-INS-055A RAW SC'!J24="","",'Midterm OVPAA-F-INS-055A RAW SC'!J24/'Midterm OVPAA-F-INS-055A RAW SC'!J$17*100) -> 100 | K24: =IF('Midterm OVPAA-F-INS-055A RAW SC'!K24="","",'Midterm OVPAA-F-INS-055A RAW SC'!K24/'Midterm OVPAA-F-INS-055A RAW SC'!K$17*100) | L24: =IF('Midterm OVPAA-F-INS-055A RAW SC'!L24="","",'Midterm OVPAA-F-INS-055A RAW SC'!L24/'Midterm OVPAA-F-INS-055A RAW SC'!L$17*100) | M24: =IF('Midterm OVPAA-F-INS-055A RAW SC'!M24="","",'Midterm OVPAA-F-INS-055A RAW SC'!M24/'Midterm OVPAA-F-INS-055A RAW SC'!M$17*100) | N24: =IF('Midterm OVPAA-F-INS-055A RAW SC'!N24="","",'Midterm OVPAA-F-INS-055A RAW SC'!N24/'Midterm OVPAA-F-INS-055A RAW SC'!N$17*100) | O24: =IF('Midterm OVPAA-F-INS-055A RAW SC'!O24="","",'Midterm OVPAA-F-INS-055A RAW SC'!O24/'Midterm OVPAA-F-INS-055A RAW SC'!O$17*100) | P24: =IF('Midterm OVPAA-F-INS-055A RAW SC'!P24="","",'Midterm OVPAA-F-INS-055A RAW SC'!P24/'Midterm OVPAA-F-INS-055A RAW SC'!P$17*100) | Q24: =IF('Midterm OVPAA-F-INS-055A RAW SC'!Q24="","",'Midterm OVPAA-F-INS-055A RAW SC'!Q24/'Midterm OVPAA-F-INS-055A RAW SC'!Q$17*100) | ... BT24: =IF('Midterm OVPAA-F-INS-055A RAW SC'!BT24="","",'Midterm OVPAA-F-INS-055A RAW SC'!BT24/'Midterm OVPAA-F-INS-055A RAW SC'!BT$17*100) | BU24: {=IF('Midterm OVPAA-F-INS-055A RAW SC'!$G24="","",IF((SUMPRODUCT(--ISBLANK('Midterm OVPAA-F-INS-055A RAW SC'!H24:BT24))=COLUMNS('Midterm OVPAA-F-INS-055A RAW SC'!H24:BT24))=TRUE,"",(((COUNTA('Midterm OVPAA-F-INS-055A RAW SC'!$H$17:$BT$17)+COUNTBLANK('Midterm OVPAA-F-INS-055A RAW SC'!H24:BT24))-COLUMNS('Midterm OVPAA-F-INS-055A RAW SC'!H24:BT24))*5+SUM(H24:BT24))/COUNTA('Midterm OVPAA-F-INS-055A RAW SC'!$H$17:$BT$17)))} -> 57.333333 | BV24: =IF(BU24="","",VLOOKUP(BU24,IF('Midterm OVPAA-F-INS-055A RAW SC'!$V$12=0.5,TRANSMUTATION!$C$4:$D$17,TRANSMUTATION!$G$4:$H$17),2,TRUE)) -> 2.75 | BW24: =IF('Midterm OVPAA-F-INS-055A RAW SC'!BU24="","",'Midterm OVPAA-F-INS-055A RAW SC'!BU24/'Midterm OVPAA-F-INS-055A RAW SC'!BU$17*100) -> 72 | BX24: =IF('Midterm OVPAA-F-INS-055A RAW SC'!BV24="","",'Midterm OVPAA-F-INS-055A RAW SC'!BV24/'Midterm OVPAA-F-INS-055A RAW SC'!BV$17*100) -> 100 | BY24: =IF('Midterm OVPAA-F-INS-055A RAW SC'!BW24="","",'Midterm OVPAA-F-INS-055A RAW SC'!BW24/'Midterm OVPAA-F-INS-055A RAW SC'!BW$17*100) -> 80 | BZ24: =IF('Midterm OVPAA-F-INS-055A RAW SC'!BX24="","",'Midterm OVPAA-F-INS-055A RAW SC'!BX24/'Midterm OVPAA-F-INS-055A RAW SC'!BX$17*100) | CA24: =IF('Midterm OVPAA-F-INS-055A RAW SC'!BY24="","",'Midterm OVPAA-F-INS-055A RAW SC'!BY24/'Midterm OVPAA-F-INS-055A RAW SC'!BY$17*100) | CB24: =IF('Midterm OVPAA-F-INS-055A RAW SC'!BZ24="","",'Midterm OVPAA-F-INS-055A RAW SC'!BZ24/'Midterm OVPAA-F-INS-055A RAW SC'!BZ$17*100) | CC24: =IF('Midterm OVPAA-F-INS-055A RAW SC'!CA24="","",'Midterm OVPAA-F-INS-055A RAW SC'!CA24/'Midterm OVPAA-F-INS-055A RAW SC'!CA$17*100) | CD24: =IF('Midterm OVPAA-F-INS-055A RAW SC'!CB24="","",'Midterm OVPAA-F-INS-055A RAW SC'!CB24/'Midterm OVPAA-F-INS-055A RAW SC'!CB$17*100) | ... CP24: =IF('Midterm OVPAA-F-INS-055A RAW SC'!CN24="","",'Midterm OVPAA-F-INS-055A RAW SC'!CN24/'Midterm OVPAA-F-INS-055A RAW SC'!CN$17*100) | CQ24: {=IF('Midterm OVPAA-F-INS-055A RAW SC'!G24="","",IF((SUMPRODUCT(--ISBLANK('Midterm OVPAA-F-INS-055A RAW SC'!BU24:CN24))=COLUMNS('Midterm OVPAA-F-INS-055A RAW SC'!BU24:CN24))=TRUE,"",(((COUNTA('Midterm OVPAA-F-INS-055A RAW SC'!$BU$17:$CN$17)+COUNTBLANK('Midterm OVPAA-F-INS-055A RAW SC'!BU24:CN24))-COLUMNS('Midterm OVPAA-F-INS-055A RAW SC'!BU24:CN24))*5+SUM(BW24:CP24))/COUNTA('Midterm OVPAA-F-INS-055A RAW SC'!$BU$17:$CN$17)))} -> 84 | CR24: =IF(CQ24="","",VLOOKUP(CQ24,IF('Midterm OVPAA-F-INS-055A RAW SC'!$V$12=0.5,TRANSMUTATION!$C$4:$D$17,TRANSMUTATION!$G$4:$H$17),2,TRUE)) -> 1.75 | CS24: =IF('Midterm OVPAA-F-INS-055A RAW SC'!CO24="","",'Midterm OVPAA-F-INS-055A RAW SC'!CO24/'Midterm OVPAA-F-INS-055A RAW SC'!CO$17*100) -> 72 | CT24: =IF('Midterm OVPAA-F-INS-055A RAW SC'!CP24="","",'Midterm OVPAA-F-INS-055A RAW SC'!CP24/'Midterm OVPAA-F-INS-055A RAW SC'!CP$17*100) -> 70 | CU24: =IF('Midterm OVPAA-F-INS-055A RAW SC'!CQ24="","",'Midterm OVPAA-F-INS-055A RAW SC'!CQ24/'Midterm OVPAA-F-INS-055A RAW SC'!CQ$17*100) | CV24: =IF('Midterm OVPAA-F-INS-055A RAW SC'!CR24="","",'Midterm OVPAA-F-INS-055A RAW SC'!CR24/'Midterm OVPAA-F-INS-055A RAW SC'!CR$17*100) | CW24: =IF('Midterm OVPAA-F-INS-055A RAW SC'!CS24="","",'Midterm OVPAA-F-INS-055A RAW SC'!CS24/'Midterm OVPAA-F-INS-055A RAW SC'!CS$17*100) | CX24: =IF('Midterm OVPAA-F-INS-055A RAW SC'!CT24="","",'Midterm OVPAA-F-INS-055A RAW SC'!CT24/'Midterm OVPAA-F-INS-055A RAW SC'!CT$17*100) | CY24: =IF('Midterm OVPAA-F-INS-055A RAW SC'!CU24="","",'Midterm OVPAA-F-INS-055A RAW SC'!CU24/'Midterm OVPAA-F-INS-055A RAW SC'!CU$17*100) | CZ24: =IF('Midterm OVPAA-F-INS-055A RAW SC'!CV24="","",'Midterm OVPAA-F-INS-055A RAW SC'!CV24/'Midterm OVPAA-F-INS-055A RAW SC'!CV$17*100) | ... DB24: =IF('Midterm OVPAA-F-INS-055A RAW SC'!CX24="","",'Midterm OVPAA-F-INS-055A RAW SC'!CX24/'Midterm OVPAA-F-INS-055A RAW SC'!CX$17*100) | DC24: {=IF('Midterm OVPAA-F-INS-055A RAW SC'!$G24="","",IF((SUMPRODUCT(--ISBLANK('Midterm OVPAA-F-INS-055A RAW SC'!CO24:CX24))=COLUMNS('Midterm OVPAA-F-INS-055A RAW SC'!CO24:CX24))=TRUE,"",(((COUNTA('Midterm OVPAA-F-INS-055A RAW SC'!$CO$17:$CX$17)+COUNTBLANK('Midterm OVPAA-F-INS-055A RAW SC'!CO24:CX24))-COLUMNS('Midterm OVPAA-F-INS-055A RAW SC'!CO24:CX24))*5+SUM(CS24:DB24))/COUNTA('Midterm OVPAA-F-INS-055A RAW SC'!$CO$17:$CX$17)))} -> 71 | DD24: =IF(DC24="","",VLOOKUP(DC24,IF('Midterm OVPAA-F-INS-055A RAW SC'!$V$12=0.5,TRANSMUTATION!$C$4:$D$17,TRANSMUTATION!$G$4:$H$17),2,TRUE)) -> 2.25 | DE24: =IF(BV24="","",(BV24*DE$15)) -> 0.825 | DF24: =IF(CR24="","",(CR24*DF$15)) -> 0.525 | DG24: =IF(DD24="","",(DD24*DG$15)) -> 0.9 | DH24: =IF($DF$15="",IF(OR(DE24="",DG24="")=TRUE,"",(SUM(DE24:DG24))),IF(OR(DE24="",DF24="",DG24="")=TRUE,"",(SUM(DE24:DG24)))) -> 2.25 | DI24: =IF(DH24="","",LOOKUP(DH24,{0,1.1251,1.3751,1.6251,1.8751,2.1251,2.3751,2.6251,2.8751,3.1251,3.3751,3.6251},{"1.00","1.25","1.50","1.75","2.00","2.25","2.50","2.75","3.00","3.25","3.50","5.00"})) -> 2.25
E25: 8 | F25: =IF(NOT(ISBLANK('Midterm OVPAA-F-INS-055A RAW SC'!F25)),'Midterm OVPAA-F-INS-055A RAW SC'!F25,"") -> 16 | G25: =IF(NOT(ISBLANK('Midterm OVPAA-F-INS-055A RAW SC'!G25)),'Midterm OVPAA-F-INS-055A RAW SC'!G25,"") -> Lantinay, Pol Edison | H25: 72 | I25: 60 | J25: 80 | K25: =IF('Midterm OVPAA-F-INS-055A RAW SC'!K25="","",'Midterm OVPAA-F-INS-055A RAW SC'!K25/'Midterm OVPAA-F-INS-055A RAW SC'!K$17*100) | L25: =IF('Midterm OVPAA-F-INS-055A RAW SC'!L25="","",'Midterm OVPAA-F-INS-055A RAW SC'!L25/'Midterm OVPAA-F-INS-055A RAW SC'!L$17*100) | M25: =IF('Midterm OVPAA-F-INS-055A RAW SC'!M25="","",'Midterm OVPAA-F-INS-055A RAW SC'!M25/'Midterm OVPAA-F-INS-055A RAW SC'!M$17*100) | N25: =IF('Midterm OVPAA-F-INS-055A RAW SC'!N25="","",'Midterm OVPAA-F-INS-055A RAW SC'!N25/'Midterm OVPAA-F-INS-055A RAW SC'!N$17*100) | O25: =IF('Midterm OVPAA-F-INS-055A RAW SC'!O25="","",'Midterm OVPAA-F-INS-055A RAW SC'!O25/'Midterm OVPAA-F-INS-055A RAW SC'!O$17*100) | P25: =IF('Midterm OVPAA-F-INS-055A RAW SC'!P25="","",'Midterm OVPAA-F-INS-055A RAW SC'!P25/'Midterm OVPAA-F-INS-055A RAW SC'!P$17*100) | Q25: =IF('Midterm OVPAA-F-INS-055A RAW SC'!Q25="","",'Midterm OVPAA-F-INS-055A RAW SC'!Q25/'Midterm OVPAA-F-INS-055A RAW SC'!Q$17*100) | R25: =IF('Midterm OVPAA-F-INS-055A RAW SC'!R25="","",'Midterm OVPAA-F-INS-055A RAW SC'!R25/'Midterm OVPAA-F-INS-055A RAW SC'!R$17*100) | ... BT25: =IF('Midterm OVPAA-F-INS-055A RAW SC'!BT25="","",'Midterm OVPAA-F-INS-055A RAW SC'!BT25/'Midterm OVPAA-F-INS-055A RAW SC'!BT$17*100) | BU25: {=IF('Midterm OVPAA-F-INS-055A RAW SC'!$G25="","",IF((SUMPRODUCT(--ISBLANK('Midterm OVPAA-F-INS-055A RAW SC'!H25:BT25))=COLUMNS('Midterm OVPAA-F-INS-055A RAW SC'!H25:BT25))=TRUE,"",(((COUNTA('Midterm OVPAA-F-INS-055A RAW SC'!$H$17:$BT$17)+COUNTBLANK('Midterm OVPAA-F-INS-055A RAW SC'!H25:BT25))-COLUMNS('Midterm OVPAA-F-INS-055A RAW SC'!H25:BT25))*5+SUM(H25:BT25))/COUNTA('Midterm OVPAA-F-INS-055A RAW SC'!$H$17:$BT$17)))} -> 70.666667 | BV25: =IF(BU25="","",VLOOKUP(BU25,IF('Midterm OVPAA-F-INS-055A RAW SC'!$V$12=0.5,TRANSMUTATION!$C$4:$D$17,TRANSMUTATION!$G$4:$H$17),2,TRUE)) -> 2.25 | BW25: =IF('Midterm OVPAA-F-INS-055A RAW SC'!BU25="","",'Midterm OVPAA-F-INS-055A RAW SC'!BU25/'Midterm OVPAA-F-INS-055A RAW SC'!BU$17*100) -> 80 | BX25: =IF('Midterm OVPAA-F-INS-055A RAW SC'!BV25="","",'Midterm OVPAA-F-INS-055A RAW SC'!BV25/'Midterm OVPAA-F-INS-055A RAW SC'!BV$17*100) -> 100 | BY25: =IF('Midterm OVPAA-F-INS-055A RAW SC'!BW25="","",'Midterm OVPAA-F-INS-055A RAW SC'!BW25/'Midterm OVPAA-F-INS-055A RAW SC'!BW$17*100) -> 100 | BZ25: =IF('Midterm OVPAA-F-INS-055A RAW SC'!BX25="","",'Midterm OVPAA-F-INS-055A RAW SC'!BX25/'Midterm OVPAA-F-INS-055A RAW SC'!BX$17*100) | CA25: =IF('Midterm OVPAA-F-INS-055A RAW SC'!BY25="","",'Midterm OVPAA-F-INS-055A RAW SC'!BY25/'Midterm OVPAA-F-INS-055A RAW SC'!BY$17*100) | CB25: =IF('Midterm OVPAA-F-INS-055A RAW SC'!BZ25="","",'Midterm OVPAA-F-INS-055A RAW SC'!BZ25/'Midterm OVPAA-F-INS-055A RAW SC'!BZ$17*100) | CC25: =IF('Midterm OVPAA-F-INS-055A RAW SC'!CA25="","",'Midterm OVPAA-F-INS-055A RAW SC'!CA25/'Midterm OVPAA-F-INS-055A RAW SC'!CA$17*100) | CD25: =IF('Midterm OVPAA-F-INS-055A RAW SC'!CB25="","",'Midterm OVPAA-F-INS-055A RAW SC'!CB25/'Midterm OVPAA-F-INS-055A RAW SC'!CB$17*100) | ... CP25: =IF('Midterm OVPAA-F-INS-055A RAW SC'!CN25="","",'Midterm OVPAA-F-INS-055A RAW SC'!CN25/'Midterm OVPAA-F-INS-055A RAW SC'!CN$17*100) | CQ25: {=IF('Midterm OVPAA-F-INS-055A RAW SC'!G25="","",IF((SUMPRODUCT(--ISBLANK('Midterm OVPAA-F-INS-055A RAW SC'!BU25:CN25))=COLUMNS('Midterm OVPAA-F-INS-055A RAW SC'!BU25:CN25))=TRUE,"",(((COUNTA('Midterm OVPAA-F-INS-055A RAW SC'!$BU$17:$CN$17)+COUNTBLANK('Midterm OVPAA-F-INS-055A RAW SC'!BU25:CN25))-COLUMNS('Midterm OVPAA-F-INS-055A RAW SC'!BU25:CN25))*5+SUM(BW25:CP25))/COUNTA('Midterm OVPAA-F-INS-055A RAW SC'!$BU$17:$CN$17)))} -> 93.333333 | CR25: =IF(CQ25="","",VLOOKUP(CQ25,IF('Midterm OVPAA-F-INS-055A RAW SC'!$V$12=0.5,TRANSMUTATION!$C$4:$D$17,TRANSMUTATION!$G$4:$H$17),2,TRUE)) -> 1.25 | CS25: =IF('Midterm OVPAA-F-INS-055A RAW SC'!CO25="","",'Midterm OVPAA-F-INS-055A RAW SC'!CO25/'Midterm OVPAA-F-INS-055A RAW SC'!CO$17*100) -> 92 | CT25: =IF('Midterm OVPAA-F-INS-055A RAW SC'!CP25="","",'Midterm OVPAA-F-INS-055A RAW SC'!CP25/'Midterm OVPAA-F-INS-055A RAW SC'!CP$17*100) -> 80 | CU25: =IF('Midterm OVPAA-F-INS-055A RAW SC'!CQ25="","",'Midterm OVPAA-F-INS-055A RAW SC'!CQ25/'Midterm OVPAA-F-INS-055A RAW SC'!CQ$17*100) | CV25: =IF('Midterm OVPAA-F-INS-055A RAW SC'!CR25="","",'Midterm OVPAA-F-INS-055A RAW SC'!CR25/'Midterm OVPAA-F-INS-055A RAW SC'!CR$17*100) | CW25: =IF('Midterm OVPAA-F-INS-055A RAW SC'!CS25="","",'Midterm OVPAA-F-INS-055A RAW SC'!CS25/'Midterm OVPAA-F-INS-055A RAW SC'!CS$17*100) | CX25: =IF('Midterm OVPAA-F-INS-055A RAW SC'!CT25="","",'Midterm OVPAA-F-INS-055A RAW SC'!CT25/'Midterm OVPAA-F-INS-055A RAW SC'!CT$17*100) | CY25: =IF('Midterm OVPAA-F-INS-055A RAW SC'!CU25="","",'Midterm OVPAA-F-INS-055A RAW SC'!CU25/'Midterm OVPAA-F-INS-055A RAW SC'!CU$17*100) | CZ25: =IF('Midterm OVPAA-F-INS-055A RAW SC'!CV25="","",'Midterm OVPAA-F-INS-055A RAW SC'!CV25/'Midterm OVPAA-F-INS-055A RAW SC'!CV$17*100) | ... DB25: =IF('Midterm OVPAA-F-INS-055A RAW SC'!CX25="","",'Midterm OVPAA-F-INS-055A RAW SC'!CX25/'Midterm OVPAA-F-INS-055A RAW SC'!CX$17*100) | DC25: {=IF('Midterm OVPAA-F-INS-055A RAW SC'!$G25="","",IF((SUMPRODUCT(--ISBLANK('Midterm OVPAA-F-INS-055A RAW SC'!CO25:CX25))=COLUMNS('Midterm OVPAA-F-INS-055A RAW SC'!CO25:CX25))=TRUE,"",(((COUNTA('Midterm OVPAA-F-INS-055A RAW SC'!$CO$17:$CX$17)+COUNTBLANK('Midterm OVPAA-F-INS-055A RAW SC'!CO25:CX25))-COLUMNS('Midterm OVPAA-F-INS-055A RAW SC'!CO25:CX25))*5+SUM(CS25:DB25))/COUNTA('Midterm OVPAA-F-INS-055A RAW SC'!$CO$17:$CX$17)))} -> 86 | DD25: =IF(DC25="","",VLOOKUP(DC25,IF('Midterm OVPAA-F-INS-055A RAW SC'!$V$12=0.5,TRANSMUTATION!$C$4:$D$17,TRANSMUTATION!$G$4:$H$17),2,TRUE)) -> 1.5 | DE25: =IF(BV25="","",(BV25*DE$15)) -> 0.675 | DF25: =IF(CR25="","",(CR25*DF$15)) -> 0.375 | DG25: =IF(DD25="","",(DD25*DG$15)) -> 0.6 | DH25: =IF($DF$15="",IF(OR(DE25="",DG25="")=TRUE,"",(SUM(DE25:DG25))),IF(OR(DE25="",DF25="",DG25="")=TRUE,"",(SUM(DE25:DG25)))) -> 1.65 | DI25: =IF(DH25="","",LOOKUP(DH25,{0,1.1251,1.3751,1.6251,1.8751,2.1251,2.3751,2.6251,2.8751,3.1251,3.3751,3.6251},{"1.00","1.25","1.50","1.75","2.00","2.25","2.50","2.75","3.00","3.25","3.50","5.00"})) -> 1.75
E26: 9 | F26: =IF(NOT(ISBLANK('Midterm OVPAA-F-INS-055A RAW SC'!F26)),'Midterm OVPAA-F-INS-055A RAW SC'!F26,"") -> 17 | G26: =IF(NOT(ISBLANK('Midterm OVPAA-F-INS-055A RAW SC'!G26)),'Midterm OVPAA-F-INS-055A RAW SC'!G26,"") -> Lintawahan, Maria Elisabeth | H26: =IF('Midterm OVPAA-F-INS-055A RAW SC'!H26="","",'Midterm OVPAA-F-INS-055A RAW SC'!H26/'Midterm OVPAA-F-INS-055A RAW SC'!H$17*100) -> 72 | I26: =IF('Midterm OVPAA-F-INS-055A RAW SC'!I26="","",'Midterm OVPAA-F-INS-055A RAW SC'!I26/'Midterm OVPAA-F-INS-055A RAW SC'!I$17*100) -> 60 | J26: =IF('Midterm OVPAA-F-INS-055A RAW SC'!J26="","",'Midterm OVPAA-F-INS-055A RAW SC'!J26/'Midterm OVPAA-F-INS-055A RAW SC'!J$17*100) -> 100 | K26: =IF('Midterm OVPAA-F-INS-055A RAW SC'!K26="","",'Midterm OVPAA-F-INS-055A RAW SC'!K26/'Midterm OVPAA-F-INS-055A RAW SC'!K$17*100) | L26: =IF('Midterm OVPAA-F-INS-055A RAW SC'!L26="","",'Midterm OVPAA-F-INS-055A RAW SC'!L26/'Midterm OVPAA-F-INS-055A RAW SC'!L$17*100) | M26: =IF('Midterm OVPAA-F-INS-055A RAW SC'!M26="","",'Midterm OVPAA-F-INS-055A RAW SC'!M26/'Midterm OVPAA-F-INS-055A RAW SC'!M$17*100) | N26: =IF('Midterm OVPAA-F-INS-055A RAW SC'!N26="","",'Midterm OVPAA-F-INS-055A RAW SC'!N26/'Midterm OVPAA-F-INS-055A RAW SC'!N$17*100) | O26: =IF('Midterm OVPAA-F-INS-055A RAW SC'!O26="","",'Midterm OVPAA-F-INS-055A RAW SC'!O26/'Midterm OVPAA-F-INS-055A RAW SC'!O$17*100) | Q26: =IF('Midterm OVPAA-F-INS-055A RAW SC'!Q26="","",'Midterm OVPAA-F-INS-055A RAW SC'!Q26/'Midterm OVPAA-F-INS-055A RAW SC'!Q$17*100) | R26: =IF('Midterm OVPAA-F-INS-055A RAW SC'!R26="","",'Midterm OVPAA-F-INS-055A RAW SC'!R26/'Midterm OVPAA-F-INS-055A RAW SC'!R$17*100) | S26: =IF('Midterm OVPAA-F-INS-055A RAW SC'!S26="","",'Midterm OVPAA-F-INS-055A RAW SC'!S26/'Midterm OVPAA-F-INS-055A RAW SC'!S$17*100) | T26: =IF('Midterm OVPAA-F-INS-055A RAW SC'!T26="","",'Midterm OVPAA-F-INS-055A RAW SC'!T26/'Midterm OVPAA-F-INS-055A RAW SC'!T$17*100) | U26: =IF('Midterm OVPAA-F-INS-055A RAW SC'!U26="","",'Midterm OVPAA-F-INS-055A RAW SC'!U26/'Midterm OVPAA-F-INS-055A RAW SC'!U$17*100) | V26: =IF('Midterm OVPAA-F-INS-055A RAW SC'!V26="","",'Midterm OVPAA-F-INS-055A RAW SC'!V26/'Midterm OVPAA-F-INS-055A RAW SC'!V$17*100) | W26: =IF('Midterm OVPAA-F-INS-055A RAW SC'!W26="","",'Midterm OVPAA-F-INS-055A RAW SC'!W26/'Midterm OVPAA-F-INS-055A RAW SC'!W$17*100) | X26: =IF('Midterm OVPAA-F-INS-055A RAW SC'!X26="","",'Midterm OVPAA-F-INS-055A RAW SC'!X26/'Midterm OVPAA-F-INS-055A RAW SC'!X$17*100) | ... BT26: =IF('Midterm OVPAA-F-INS-055A RAW SC'!BT26="","",'Midterm OVPAA-F-INS-055A RAW SC'!BT26/'Midterm OVPAA-F-INS-055A RAW SC'!BT$17*100) | BU26: {=IF('Midterm OVPAA-F-INS-055A RAW SC'!$G26="","",IF((SUMPRODUCT(--ISBLANK('Midterm OVPAA-F-INS-055A RAW SC'!H26:BT26))=COLUMNS('Midterm OVPAA-F-INS-055A RAW SC'!H26:BT26))=TRUE,"",(((COUNTA('Midterm OVPAA-F-INS-055A RAW SC'!$H$17:$BT$17)+COUNTBLANK('Midterm OVPAA-F-INS-055A RAW SC'!H26:BT26))-COLUMNS('Midterm OVPAA-F-INS-055A RAW SC'!H26:BT26))*5+SUM(H26:BT26))/COUNTA('Midterm OVPAA-F-INS-055A RAW SC'!$H$17:$BT$17)))} -> 75.666667 | BV26: =IF(BU26="","",VLOOKUP(BU26,IF('Midterm OVPAA-F-INS-055A RAW SC'!$V$12=0.5,TRANSMUTATION!$C$4:$D$17,TRANSMUTATION!$G$4:$H$17),2,TRUE)) -> 2 | BW26: =IF('Midterm OVPAA-F-INS-055A RAW SC'!BU26="","",'Midterm OVPAA-F-INS-055A RAW SC'!BU26/'Midterm OVPAA-F-INS-055A RAW SC'!BU$17*100) -> 72 | BX26: =IF('Midterm OVPAA-F-INS-055A RAW SC'!BV26="","",'Midterm OVPAA-F-INS-055A RAW SC'!BV26/'Midterm OVPAA-F-INS-055A RAW SC'!BV$17*100) -> 100 | BY26: =IF('Midterm OVPAA-F-INS-055A RAW SC'!BW26="","",'Midterm OVPAA-F-INS-055A RAW SC'!BW26/'Midterm OVPAA-F-INS-055A RAW SC'!BW$17*100) -> 75 | BZ26: =IF('Midterm OVPAA-F-INS-055A RAW SC'!BX26="","",'Midterm OVPAA-F-INS-055A RAW SC'!BX26/'Midterm OVPAA-F-INS-055A RAW SC'!BX$17*100) | CA26: =IF('Midterm OVPAA-F-INS-055A RAW SC'!BY26="","",'Midterm OVPAA-F-INS-055A RAW SC'!BY26/'Midterm OVPAA-F-INS-055A RAW SC'!BY$17*100) | CB26: =IF('Midterm OVPAA-F-INS-055A RAW SC'!BZ26="","",'Midterm OVPAA-F-INS-055A RAW SC'!BZ26/'Midterm OVPAA-F-INS-055A RAW SC'!BZ$17*100) | CC26: =IF('Midterm OVPAA-F-INS-055A RAW SC'!CA26="","",'Midterm OVPAA-F-INS-055A RAW SC'!CA26/'Midterm OVPAA-F-INS-055A RAW SC'!CA$17*100) | CD26: =IF('Midterm OVPAA-F-INS-055A RAW SC'!CB26="","",'Midterm OVPAA-F-INS-055A RAW SC'!CB26/'Midterm OVPAA-F-INS-055A RAW SC'!CB$17*100) | ... CP26: =IF('Midterm OVPAA-F-INS-055A RAW SC'!CN26="","",'Midterm OVPAA-F-INS-055A RAW SC'!CN26/'Midterm OVPAA-F-INS-055A RAW SC'!CN$17*100) | CQ26: {=IF('Midterm OVPAA-F-INS-055A RAW SC'!G26="","",IF((SUMPRODUCT(--ISBLANK('Midterm OVPAA-F-INS-055A RAW SC'!BU26:CN26))=COLUMNS('Midterm OVPAA-F-INS-055A RAW SC'!BU26:CN26))=TRUE,"",(((COUNTA('Midterm OVPAA-F-INS-055A RAW SC'!$BU$17:$CN$17)+COUNTBLANK('Midterm OVPAA-F-INS-055A RAW SC'!BU26:CN26))-COLUMNS('Midterm OVPAA-F-INS-055A RAW SC'!BU26:CN26))*5+SUM(BW26:CP26))/COUNTA('Midterm OVPAA-F-INS-055A RAW SC'!$BU$17:$CN$17)))} -> 82.333333 | CR26: =IF(CQ26="","",VLOOKUP(CQ26,IF('Midterm OVPAA-F-INS-055A RAW SC'!$V$12=0.5,TRANSMUTATION!$C$4:$D$17,TRANSMUTATION!$G$4:$H$17),2,TRUE)) -> 1.75 | CS26: =IF('Midterm OVPAA-F-INS-055A RAW SC'!CO26="","",'Midterm OVPAA-F-INS-055A RAW SC'!CO26/'Midterm OVPAA-F-INS-055A RAW SC'!CO$17*100) -> 72 | CT26: =IF('Midterm OVPAA-F-INS-055A RAW SC'!CP26="","",'Midterm OVPAA-F-INS-055A RAW SC'!CP26/'Midterm OVPAA-F-INS-055A RAW SC'!CP$17*100) -> 90 | CU26: =IF('Midterm OVPAA-F-INS-055A RAW SC'!CQ26="","",'Midterm OVPAA-F-INS-055A RAW SC'!CQ26/'Midterm OVPAA-F-INS-055A RAW SC'!CQ$17*100) | CV26: =IF('Midterm OVPAA-F-INS-055A RAW SC'!CR26="","",'Midterm OVPAA-F-INS-055A RAW SC'!CR26/'Midterm OVPAA-F-INS-055A RAW SC'!CR$17*100) | CW26: =IF('Midterm OVPAA-F-INS-055A RAW SC'!CS26="","",'Midterm OVPAA-F-INS-055A RAW SC'!CS26/'Midterm OVPAA-F-INS-055A RAW SC'!CS$17*100) | CX26: =IF('Midterm OVPAA-F-INS-055A RAW SC'!CT26="","",'Midterm OVPAA-F-INS-055A RAW SC'!CT26/'Midterm OVPAA-F-INS-055A RAW SC'!CT$17*100) | CY26: =IF('Midterm OVPAA-F-INS-055A RAW SC'!CU26="","",'Midterm OVPAA-F-INS-055A RAW SC'!CU26/'Midterm OVPAA-F-INS-055A RAW SC'!CU$17*100) | CZ26: =IF('Midterm OVPAA-F-INS-055A RAW SC'!CV26="","",'Midterm OVPAA-F-INS-055A RAW SC'!CV26/'Midterm OVPAA-F-INS-055A RAW SC'!CV$17*100) | ... DB26: =IF('Midterm OVPAA-F-INS-055A RAW SC'!CX26="","",'Midterm OVPAA-F-INS-055A RAW SC'!CX26/'Midterm OVPAA-F-INS-055A RAW SC'!CX$17*100) | DC26: {=IF('Midterm OVPAA-F-INS-055A RAW SC'!$G26="","",IF((SUMPRODUCT(--ISBLANK('Midterm OVPAA-F-INS-055A RAW SC'!CO26:CX26))=COLUMNS('Midterm OVPAA-F-INS-055A RAW SC'!CO26:CX26))=TRUE,"",(((COUNTA('Midterm OVPAA-F-INS-055A RAW SC'!$CO$17:$CX$17)+COUNTBLANK('Midterm OVPAA-F-INS-055A RAW SC'!CO26:CX26))-COLUMNS('Midterm OVPAA-F-INS-055A RAW SC'!CO26:CX26))*5+SUM(CS26:DB26))/COUNTA('Midterm OVPAA-F-INS-055A RAW SC'!$CO$17:$CX$17)))} -> 81 | DD26: =IF(DC26="","",VLOOKUP(DC26,IF('Midterm OVPAA-F-INS-055A RAW SC'!$V$12=0.5,TRANSMUTATION!$C$4:$D$17,TRANSMUTATION!$G$4:$H$17),2,TRUE)) -> 1.75 | DE26: =IF(BV26="","",(BV26*DE$15)) -> 0.6 | DF26: =IF(CR26="","",(CR26*DF$15)) -> 0.525 | DG26: =IF(DD26="","",(DD26*DG$15)) -> 0.7 | DH26: =IF($DF$15="",IF(OR(DE26="",DG26="")=TRUE,"",(SUM(DE26:DG26))),IF(OR(DE26="",DF26="",DG26="")=TRUE,"",(SUM(DE26:DG26)))) -> 1.825 | DI26: =IF(DH26="","",LOOKUP(DH26,{0,1.1251,1.3751,1.6251,1.8751,2.1251,2.3751,2.6251,2.8751,3.1251,3.3751,3.6251},{"1.00","1.25","1.50","1.75","2.00","2.25","2.50","2.75","3.00","3.25","3.50","5.00"})) -> 1.75
E27: 10 | F27: =IF(NOT(ISBLANK('Midterm OVPAA-F-INS-055A RAW SC'!F27)),'Midterm OVPAA-F-INS-055A RAW SC'!F27,"") -> 18 | G27: =IF(NOT(ISBLANK('Midterm OVPAA-F-INS-055A RAW SC'!G27)),'Midterm OVPAA-F-INS-055A RAW SC'!G27,"") -> Lisondra, Christian Earl | H27: =IF('Midterm OVPAA-F-INS-055A RAW SC'!H27="","",'Midterm OVPAA-F-INS-055A RAW SC'!H27/'Midterm OVPAA-F-INS-055A RAW SC'!H$17*100) -> 72 | I27: =IF('Midterm OVPAA-F-INS-055A RAW SC'!I27="","",'Midterm OVPAA-F-INS-055A RAW SC'!I27/'Midterm OVPAA-F-INS-055A RAW SC'!I$17*100) -> 60 | J27: =IF('Midterm OVPAA-F-INS-055A RAW SC'!J27="","",'Midterm OVPAA-F-INS-055A RAW SC'!J27/'Midterm OVPAA-F-INS-055A RAW SC'!J$17*100) -> 80 | K27: =IF('Midterm OVPAA-F-INS-055A RAW SC'!K27="","",'Midterm OVPAA-F-INS-055A RAW SC'!K27/'Midterm OVPAA-F-INS-055A RAW SC'!K$17*100) | L27: =IF('Midterm OVPAA-F-INS-055A RAW SC'!L27="","",'Midterm OVPAA-F-INS-055A RAW SC'!L27/'Midterm OVPAA-F-INS-055A RAW SC'!L$17*100) | M27: =IF('Midterm OVPAA-F-INS-055A RAW SC'!M27="","",'Midterm OVPAA-F-INS-055A RAW SC'!M27/'Midterm OVPAA-F-INS-055A RAW SC'!M$17*100) | N27: =IF('Midterm OVPAA-F-INS-055A RAW SC'!N27="","",'Midterm OVPAA-F-INS-055A RAW SC'!N27/'Midterm OVPAA-F-INS-055A RAW SC'!N$17*100) | O27: =IF('Midterm OVPAA-F-INS-055A RAW SC'!O27="","",'Midterm OVPAA-F-INS-055A RAW SC'!O27/'Midterm OVPAA-F-INS-055A RAW SC'!O$17*100) | ... BT27: =IF('Midterm OVPAA-F-INS-055A RAW SC'!BT27="","",'Midterm OVPAA-F-INS-055A RAW SC'!BT27/'Midterm OVPAA-F-INS-055A RAW SC'!BT$17*100) | BU27: {=IF('Midterm OVPAA-F-INS-055A RAW SC'!$G27="","",IF((SUMPRODUCT(--ISBLANK('Midterm OVPAA-F-INS-055A RAW SC'!H27:BT27))=COLUMNS('Midterm OVPAA-F-INS-055A RAW SC'!H27:BT27))=TRUE,"",(((COUNTA('Midterm OVPAA-F-INS-055A RAW SC'!$H$17:$BT$17)+COUNTBLANK('Midterm OVPAA-F-INS-055A RAW SC'!H27:BT27))-COLUMNS('Midterm OVPAA-F-INS-055A RAW SC'!H27:BT27))*5+SUM(H27:BT27))/COUNTA('Midterm OVPAA-F-INS-055A RAW SC'!$H$17:$BT$17)))} -> 70.666667 | BV27: =IF(BU27="","",VLOOKUP(BU27,IF('Midterm OVPAA-F-INS-055A RAW SC'!$V$12=0.5,TRANSMUTATION!$C$4:$D$17,TRANSMUTATION!$G$4:$H$17),2,TRUE)) -> 2.25 | BW27: =IF('Midterm OVPAA-F-INS-055A RAW SC'!BU27="","",'Midterm OVPAA-F-INS-055A RAW SC'!BU27/'Midterm OVPAA-F-INS-055A RAW SC'!BU$17*100) -> 72 | BX27: =IF('Midterm OVPAA-F-INS-055A RAW SC'!BV27="","",'Midterm OVPAA-F-INS-055A RAW SC'!BV27/'Midterm OVPAA-F-INS-055A RAW SC'!BV$17*100) -> 100 | BY27: =IF('Midterm OVPAA-F-INS-055A RAW SC'!BW27="","",'Midterm OVPAA-F-INS-055A RAW SC'!BW27/'Midterm OVPAA-F-INS-055A RAW SC'!BW$17*100) -> 80 | BZ27: =IF('Midterm OVPAA-F-INS-055A RAW SC'!BX27="","",'Midterm OVPAA-F-INS-055A RAW SC'!BX27/'Midterm OVPAA-F-INS-055A RAW SC'!BX$17*100) | CA27: =IF('Midterm OVPAA-F-INS-055A RAW SC'!BY27="","",'Midterm OVPAA-F-INS-055A RAW SC'!BY27/'Midterm OVPAA-F-INS-055A RAW SC'!BY$17*100) | CB27: =IF('Midterm OVPAA-F-INS-055A RAW SC'!BZ27="","",'Midterm OVPAA-F-INS-055A RAW SC'!BZ27/'Midterm OVPAA-F-INS-055A RAW SC'!BZ$17*100) | CC27: =IF('Midterm OVPAA-F-INS-055A RAW SC'!CA27="","",'Midterm OVPAA-F-INS-055A RAW SC'!CA27/'Midterm OVPAA-F-INS-055A RAW SC'!CA$17*100) | CD27: =IF('Midterm OVPAA-F-INS-055A RAW SC'!CB27="","",'Midterm OVPAA-F-INS-055A RAW SC'!CB27/'Midterm OVPAA-F-INS-055A RAW SC'!CB$17*100) | ... CP27: =IF('Midterm OVPAA-F-INS-055A RAW SC'!CN27="","",'Midterm OVPAA-F-INS-055A RAW SC'!CN27/'Midterm OVPAA-F-INS-055A RAW SC'!CN$17*100) | CQ27: {=IF('Midterm OVPAA-F-INS-055A RAW SC'!G27="","",IF((SUMPRODUCT(--ISBLANK('Midterm OVPAA-F-INS-055A RAW SC'!BU27:CN27))=COLUMNS('Midterm OVPAA-F-INS-055A RAW SC'!BU27:CN27))=TRUE,"",(((COUNTA('Midterm OVPAA-F-INS-055A RAW SC'!$BU$17:$CN$17)+COUNTBLANK('Midterm OVPAA-F-INS-055A RAW SC'!BU27:CN27))-COLUMNS('Midterm OVPAA-F-INS-055A RAW SC'!BU27:CN27))*5+SUM(BW27:CP27))/COUNTA('Midterm OVPAA-F-INS-055A RAW SC'!$BU$17:$CN$17)))} -> 84 | CR27: =IF(CQ27="","",VLOOKUP(CQ27,IF('Midterm OVPAA-F-INS-055A RAW SC'!$V$12=0.5,TRANSMUTATION!$C$4:$D$17,TRANSMUTATION!$G$4:$H$17),2,TRUE)) -> 1.75 | CS27: =IF('Midterm OVPAA-F-INS-055A RAW SC'!CO27="","",'Midterm OVPAA-F-INS-055A RAW SC'!CO27/'Midterm OVPAA-F-INS-055A RAW SC'!CO$17*100) -> 72 | CT27: =IF('Midterm OVPAA-F-INS-055A RAW SC'!CP27="","",'Midterm OVPAA-F-INS-055A RAW SC'!CP27/'Midterm OVPAA-F-INS-055A RAW SC'!CP$17*100) -> 66 | CU27: =IF('Midterm OVPAA-F-INS-055A RAW SC'!CQ27="","",'Midterm OVPAA-F-INS-055A RAW SC'!CQ27/'Midterm OVPAA-F-INS-055A RAW SC'!CQ$17*100) | CV27: =IF('Midterm OVPAA-F-INS-055A RAW SC'!CR27="","",'Midterm OVPAA-F-INS-055A RAW SC'!CR27/'Midterm OVPAA-F-INS-055A RAW SC'!CR$17*100) | CW27: =IF('Midterm OVPAA-F-INS-055A RAW SC'!CS27="","",'Midterm OVPAA-F-INS-055A RAW SC'!CS27/'Midterm OVPAA-F-INS-055A RAW SC'!CS$17*100) | CX27: =IF('Midterm OVPAA-F-INS-055A RAW SC'!CT27="","",'Midterm OVPAA-F-INS-055A RAW SC'!CT27/'Midterm OVPAA-F-INS-055A RAW SC'!CT$17*100) | CY27: =IF('Midterm OVPAA-F-INS-055A RAW SC'!CU27="","",'Midterm OVPAA-F-INS-055A RAW SC'!CU27/'Midterm OVPAA-F-INS-055A RAW SC'!CU$17*100) | CZ27: =IF('Midterm OVPAA-F-INS-055A RAW SC'!CV27="","",'Midterm OVPAA-F-INS-055A RAW SC'!CV27/'Midterm OVPAA-F-INS-055A RAW SC'!CV$17*100) | ... DB27: =IF('Midterm OVPAA-F-INS-055A RAW SC'!CX27="","",'Midterm OVPAA-F-INS-055A RAW SC'!CX27/'Midterm OVPAA-F-INS-055A RAW SC'!CX$17*100) | DC27: {=IF('Midterm OVPAA-F-INS-055A RAW SC'!$G27="","",IF((SUMPRODUCT(--ISBLANK('Midterm OVPAA-F-INS-055A RAW SC'!CO27:CX27))=COLUMNS('Midterm OVPAA-F-INS-055A RAW SC'!CO27:CX27))=TRUE,"",(((COUNTA('Midterm OVPAA-F-INS-055A RAW SC'!$CO$17:$CX$17)+COUNTBLANK('Midterm OVPAA-F-INS-055A RAW SC'!CO27:CX27))-COLUMNS('Midterm OVPAA-F-INS-055A RAW SC'!CO27:CX27))*5+SUM(CS27:DB27))/COUNTA('Midterm OVPAA-F-INS-055A RAW SC'!$CO$17:$CX$17)))} -> 69 | DD27: =IF(DC27="","",VLOOKUP(DC27,IF('Midterm OVPAA-F-INS-055A RAW SC'!$V$12=0.5,TRANSMUTATION!$C$4:$D$17,TRANSMUTATION!$G$4:$H$17),2,TRUE)) -> 2.25 | DE27: =IF(BV27="","",(BV27*DE$15)) -> 0.675 | DF27: =IF(CR27="","",(CR27*DF$15)) -> 0.525 | DG27: =IF(DD27="","",(DD27*DG$15)) -> 0.9 | DH27: =IF($DF$15="",IF(OR(DE27="",DG27="")=TRUE,"",(SUM(DE27:DG27))),IF(OR(DE27="",DF27="",DG27="")=TRUE,"",(SUM(DE27:DG27)))) -> 2.1 | DI27: =IF(DH27="","",LOOKUP(DH27,{0,1.1251,1.3751,1.6251,1.8751,2.1251,2.3751,2.6251,2.8751,3.1251,3.3751,3.6251},{"1.00","1.25","1.50","1.75","2.00","2.25","2.50","2.75","3.00","3.25","3.50","5.00"})) -> 2.00
E28: 11 | F28: =IF(NOT(ISBLANK('Midterm OVPAA-F-INS-055A RAW SC'!F28)),'Midterm OVPAA-F-INS-055A RAW SC'!F28,"") -> 19 | G28: =IF(NOT(ISBLANK('Midterm OVPAA-F-INS-055A RAW SC'!G28)),'Midterm OVPAA-F-INS-055A RAW SC'!G28,"") -> Magante, Jerson | H28: =IF('Midterm OVPAA-F-INS-055A RAW SC'!H28="","",'Midterm OVPAA-F-INS-055A RAW SC'!H28/'Midterm OVPAA-F-INS-055A RAW SC'!H$17*100) -> 72 | I28: =IF('Midterm OVPAA-F-INS-055A RAW SC'!I28="","",'Midterm OVPAA-F-INS-055A RAW SC'!I28/'Midterm OVPAA-F-INS-055A RAW SC'!I$17*100) -> 60 | J28: =IF('Midterm OVPAA-F-INS-055A RAW SC'!J28="","",'Midterm OVPAA-F-INS-055A RAW SC'!J28/'Midterm OVPAA-F-INS-055A RAW SC'!J$17*100) -> 100 | K28: =IF('Midterm OVPAA-F-INS-055A RAW SC'!K28="","",'Midterm OVPAA-F-INS-055A RAW SC'!K28/'Midterm OVPAA-F-INS-055A RAW SC'!K$17*100) | L28: =IF('Midterm OVPAA-F-INS-055A RAW SC'!L28="","",'Midterm OVPAA-F-INS-055A RAW SC'!L28/'Midterm OVPAA-F-INS-055A RAW SC'!L$17*100) | M28: =IF('Midterm OVPAA-F-INS-055A RAW SC'!M28="","",'Midterm OVPAA-F-INS-055A RAW SC'!M28/'Midterm OVPAA-F-INS-055A RAW SC'!M$17*100) | N28: =IF('Midterm OVPAA-F-INS-055A RAW SC'!N28="","",'Midterm OVPAA-F-INS-055A RAW SC'!N28/'Midterm OVPAA-F-INS-055A RAW SC'!N$17*100) | O28: =IF('Midterm OVPAA-F-INS-055A RAW SC'!O28="","",'Midterm OVPAA-F-INS-055A RAW SC'!O28/'Midterm OVPAA-F-INS-055A RAW SC'!O$17*100) | ... BT28: =IF('Midterm OVPAA-F-INS-055A RAW SC'!BT28="","",'Midterm OVPAA-F-INS-055A RAW SC'!BT28/'Midterm OVPAA-F-INS-055A RAW SC'!BT$17*100) | BU28: {=IF('Midterm OVPAA-F-INS-055A RAW SC'!$G28="","",IF((SUMPRODUCT(--ISBLANK('Midterm OVPAA-F-INS-055A RAW SC'!H28:BT28))=COLUMNS('Midterm OVPAA-F-INS-055A RAW SC'!H28:BT28))=TRUE,"",(((COUNTA('Midterm OVPAA-F-INS-055A RAW SC'!$H$17:$BT$17)+COUNTBLANK('Midterm OVPAA-F-INS-055A RAW SC'!H28:BT28))-COLUMNS('Midterm OVPAA-F-INS-055A RAW SC'!H28:BT28))*5+SUM(H28:BT28))/COUNTA('Midterm OVPAA-F-INS-055A RAW SC'!$H$17:$BT$17)))} -> 77.333333 | BV28: =IF(BU28="","",VLOOKUP(BU28,IF('Midterm OVPAA-F-INS-055A RAW SC'!$V$12=0.5,TRANSMUTATION!$C$4:$D$17,TRANSMUTATION!$G$4:$H$17),2,TRUE)) -> 2 | BW28: =IF('Midterm OVPAA-F-INS-055A RAW SC'!BU28="","",'Midterm OVPAA-F-INS-055A RAW SC'!BU28/'Midterm OVPAA-F-INS-055A RAW SC'!BU$17*100) -> 72 | BX28: =IF('Midterm OVPAA-F-INS-055A RAW SC'!BV28="","",'Midterm OVPAA-F-INS-055A RAW SC'!BV28/'Midterm OVPAA-F-INS-055A RAW SC'!BV$17*100) -> 100 | BY28: =IF('Midterm OVPAA-F-INS-055A RAW SC'!BW28="","",'Midterm OVPAA-F-INS-055A RAW SC'!BW28/'Midterm OVPAA-F-INS-055A RAW SC'!BW$17*100) -> 75 | BZ28: =IF('Midterm OVPAA-F-INS-055A RAW SC'!BX28="","",'Midterm OVPAA-F-INS-055A RAW SC'!BX28/'Midterm OVPAA-F-INS-055A RAW SC'!BX$17*100) | CA28: =IF('Midterm OVPAA-F-INS-055A RAW SC'!BY28="","",'Midterm OVPAA-F-INS-055A RAW SC'!BY28/'Midterm OVPAA-F-INS-055A RAW SC'!BY$17*100) | CB28: =IF('Midterm OVPAA-F-INS-055A RAW SC'!BZ28="","",'Midterm OVPAA-F-INS-055A RAW SC'!BZ28/'Midterm OVPAA-F-INS-055A RAW SC'!BZ$17*100) | CC28: =IF('Midterm OVPAA-F-INS-055A RAW SC'!CA28="","",'Midterm OVPAA-F-INS-055A RAW SC'!CA28/'Midterm OVPAA-F-INS-055A RAW SC'!CA$17*100) | CD28: =IF('Midterm OVPAA-F-INS-055A RAW SC'!CB28="","",'Midterm OVPAA-F-INS-055A RAW SC'!CB28/'Midterm OVPAA-F-INS-055A RAW SC'!CB$17*100) | ... CP28: =IF('Midterm OVPAA-F-INS-055A RAW SC'!CN28="","",'Midterm OVPAA-F-INS-055A RAW SC'!CN28/'Midterm OVPAA-F-INS-055A RAW SC'!CN$17*100) | CQ28: {=IF('Midterm OVPAA-F-INS-055A RAW SC'!G28="","",IF((SUMPRODUCT(--ISBLANK('Midterm OVPAA-F-INS-055A RAW SC'!BU28:CN28))=COLUMNS('Midterm OVPAA-F-INS-055A RAW SC'!BU28:CN28))=TRUE,"",(((COUNTA('Midterm OVPAA-F-INS-055A RAW SC'!$BU$17:$CN$17)+COUNTBLANK('Midterm OVPAA-F-INS-055A RAW SC'!BU28:CN28))-COLUMNS('Midterm OVPAA-F-INS-055A RAW SC'!BU28:CN28))*5+SUM(BW28:CP28))/COUNTA('Midterm OVPAA-F-INS-055A RAW SC'!$BU$17:$CN$17)))} -> 82.333333 | CR28: =IF(CQ28="","",VLOOKUP(CQ28,IF('Midterm OVPAA-F-INS-055A RAW SC'!$V$12=0.5,TRANSMUTATION!$C$4:$D$17,TRANSMUTATION!$G$4:$H$17),2,TRUE)) -> 1.75 | CS28: =IF('Midterm OVPAA-F-INS-055A RAW SC'!CO28="","",'Midterm OVPAA-F-INS-055A RAW SC'!CO28/'Midterm OVPAA-F-INS-055A RAW SC'!CO$17*100) -> 72 | CT28: =IF('Midterm OVPAA-F-INS-055A RAW SC'!CP28="","",'Midterm OVPAA-F-INS-055A RAW SC'!CP28/'Midterm OVPAA-F-INS-055A RAW SC'!CP$17*100) -> 80 | CU28: =IF('Midterm OVPAA-F-INS-055A RAW SC'!CQ28="","",'Midterm OVPAA-F-INS-055A RAW SC'!CQ28/'Midterm OVPAA-F-INS-055A RAW SC'!CQ$17*100) | CV28: =IF('Midterm OVPAA-F-INS-055A RAW SC'!CR28="","",'Midterm OVPAA-F-INS-055A RAW SC'!CR28/'Midterm OVPAA-F-INS-055A RAW SC'!CR$17*100) | CW28: =IF('Midterm OVPAA-F-INS-055A RAW SC'!CS28="","",'Midterm OVPAA-F-INS-055A RAW SC'!CS28/'Midterm OVPAA-F-INS-055A RAW SC'!CS$17*100) | CX28: =IF('Midterm OVPAA-F-INS-055A RAW SC'!CT28="","",'Midterm OVPAA-F-INS-055A RAW SC'!CT28/'Midterm OVPAA-F-INS-055A RAW SC'!CT$17*100) | CY28: =IF('Midterm OVPAA-F-INS-055A RAW SC'!CU28="","",'Midterm OVPAA-F-INS-055A RAW SC'!CU28/'Midterm OVPAA-F-INS-055A RAW SC'!CU$17*100) | CZ28: =IF('Midterm OVPAA-F-INS-055A RAW SC'!CV28="","",'Midterm OVPAA-F-INS-055A RAW SC'!CV28/'Midterm OVPAA-F-INS-055A RAW SC'!CV$17*100) | ... DB28: =IF('Midterm OVPAA-F-INS-055A RAW SC'!CX28="","",'Midterm OVPAA-F-INS-055A RAW SC'!CX28/'Midterm OVPAA-F-INS-055A RAW SC'!CX$17*100) | DC28: {=IF('Midterm OVPAA-F-INS-055A RAW SC'!$G28="","",IF((SUMPRODUCT(--ISBLANK('Midterm OVPAA-F-INS-055A RAW SC'!CO28:CX28))=COLUMNS('Midterm OVPAA-F-INS-055A RAW SC'!CO28:CX28))=TRUE,"",(((COUNTA('Midterm OVPAA-F-INS-055A RAW SC'!$CO$17:$CX$17)+COUNTBLANK('Midterm OVPAA-F-INS-055A RAW SC'!CO28:CX28))-COLUMNS('Midterm OVPAA-F-INS-055A RAW SC'!CO28:CX28))*5+SUM(CS28:DB28))/COUNTA('Midterm OVPAA-F-INS-055A RAW SC'!$CO$17:$CX$17)))} -> 76 | DD28: =IF(DC28="","",VLOOKUP(DC28,IF('Midterm OVPAA-F-INS-055A RAW SC'!$V$12=0.5,TRANSMUTATION!$C$4:$D$17,TRANSMUTATION!$G$4:$H$17),2,TRUE)) -> 2 | DE28: =IF(BV28="","",(BV28*DE$15)) -> 0.6 | DF28: =IF(CR28="","",(CR28*DF$15)) -> 0.525 | DG28: =IF(DD28="","",(DD28*DG$15)) -> 0.8 | DH28: =IF($DF$15="",IF(OR(DE28="",DG28="")=TRUE,"",(SUM(DE28:DG28))),IF(OR(DE28="",DF28="",DG28="")=TRUE,"",(SUM(DE28:DG28)))) -> 1.925 | DI28: =IF(DH28="","",LOOKUP(DH28,{0,1.1251,1.3751,1.6251,1.8751,2.1251,2.3751,2.6251,2.8751,3.1251,3.3751,3.6251},{"1.00","1.25","1.50","1.75","2.00","2.25","2.50","2.75","3.00","3.25","3.50","5.00"})) -> 2.00
E29: 12 | F29: =IF(NOT(ISBLANK('Midterm OVPAA-F-INS-055A RAW SC'!F29)),'Midterm OVPAA-F-INS-055A RAW SC'!F29,"") -> 20 | G29: =IF(NOT(ISBLANK('Midterm OVPAA-F-INS-055A RAW SC'!G29)),'Midterm OVPAA-F-INS-055A RAW SC'!G29,"") -> Maraon, EJ Kate | H29: 72 | I29: 80 | J29: 90 | K29: =IF('Midterm OVPAA-F-INS-055A RAW SC'!K29="","",'Midterm OVPAA-F-INS-055A RAW SC'!K29/'Midterm OVPAA-F-INS-055A RAW SC'!K$17*100) | L29: =IF('Midterm OVPAA-F-INS-055A RAW SC'!L29="","",'Midterm OVPAA-F-INS-055A RAW SC'!L29/'Midterm OVPAA-F-INS-055A RAW SC'!L$17*100) | M29: =IF('Midterm OVPAA-F-INS-055A RAW SC'!M29="","",'Midterm OVPAA-F-INS-055A RAW SC'!M29/'Midterm OVPAA-F-INS-055A RAW SC'!M$17*100) | N29: =IF('Midterm OVPAA-F-INS-055A RAW SC'!N29="","",'Midterm OVPAA-F-INS-055A RAW SC'!N29/'Midterm OVPAA-F-INS-055A RAW SC'!N$17*100) | O29: =IF('Midterm OVPAA-F-INS-055A RAW SC'!O29="","",'Midterm OVPAA-F-INS-055A RAW SC'!O29/'Midterm OVPAA-F-INS-055A RAW SC'!O$17*100) | P29: =IF('Midterm OVPAA-F-INS-055A RAW SC'!P29="","",'Midterm OVPAA-F-INS-055A RAW SC'!P29/'Midterm OVPAA-F-INS-055A RAW SC'!P$17*100) | Q29: =IF('Midterm OVPAA-F-INS-055A RAW SC'!Q29="","",'Midterm OVPAA-F-INS-055A RAW SC'!Q29/'Midterm OVPAA-F-INS-055A RAW SC'!Q$17*100) | R29: =IF('Midterm OVPAA-F-INS-055A RAW SC'!R29="","",'Midterm OVPAA-F-INS-055A RAW SC'!R29/'Midterm OVPAA-F-INS-055A RAW SC'!R$17*100) | ... BT29: =IF('Midterm OVPAA-F-INS-055A RAW SC'!BT29="","",'Midterm OVPAA-F-INS-055A RAW SC'!BT29/'Midterm OVPAA-F-INS-055A RAW SC'!BT$17*100) | BU29: 70 | BV29: =IF(BU29="","",VLOOKUP(BU29,IF('Midterm OVPAA-F-INS-055A RAW SC'!$V$12=0.5,TRANSMUTATION!$C$4:$D$17,TRANSMUTATION!$G$4:$H$17),2,TRUE)) -> 2.25 | BW29: =IF('Midterm OVPAA-F-INS-055A RAW SC'!BU29="","",'Midterm OVPAA-F-INS-055A RAW SC'!BU29/'Midterm OVPAA-F-INS-055A RAW SC'!BU$17*100) -> 72 | BX29: =IF('Midterm OVPAA-F-INS-055A RAW SC'!BV29="","",'Midterm OVPAA-F-INS-055A RAW SC'!BV29/'Midterm OVPAA-F-INS-055A RAW SC'!BV$17*100) -> 100 | BY29: =IF('Midterm OVPAA-F-INS-055A RAW SC'!BW29="","",'Midterm OVPAA-F-INS-055A RAW SC'!BW29/'Midterm OVPAA-F-INS-055A RAW SC'!BW$17*100) -> 80 | BZ29: =IF('Midterm OVPAA-F-INS-055A RAW SC'!BX29="","",'Midterm OVPAA-F-INS-055A RAW SC'!BX29/'Midterm OVPAA-F-INS-055A RAW SC'!BX$17*100) | CA29: =IF('Midterm OVPAA-F-INS-055A RAW SC'!BY29="","",'Midterm OVPAA-F-INS-055A RAW SC'!BY29/'Midterm OVPAA-F-INS-055A RAW SC'!BY$17*100) | CB29: =IF('Midterm OVPAA-F-INS-055A RAW SC'!BZ29="","",'Midterm OVPAA-F-INS-055A RAW SC'!BZ29/'Midterm OVPAA-F-INS-055A RAW SC'!BZ$17*100) | CC29: =IF('Midterm OVPAA-F-INS-055A RAW SC'!CA29="","",'Midterm OVPAA-F-INS-055A RAW SC'!CA29/'Midterm OVPAA-F-INS-055A RAW SC'!CA$17*100) | CD29: =IF('Midterm OVPAA-F-INS-055A RAW SC'!CB29="","",'Midterm OVPAA-F-INS-055A RAW SC'!CB29/'Midterm OVPAA-F-INS-055A RAW SC'!CB$17*100) | ... CP29: =IF('Midterm OVPAA-F-INS-055A RAW SC'!CN29="","",'Midterm OVPAA-F-INS-055A RAW SC'!CN29/'Midterm OVPAA-F-INS-055A RAW SC'!CN$17*100) | CQ29: {=IF('Midterm OVPAA-F-INS-055A RAW SC'!G29="","",IF((SUMPRODUCT(--ISBLANK('Midterm OVPAA-F-INS-055A RAW SC'!BU29:CN29))=COLUMNS('Midterm OVPAA-F-INS-055A RAW SC'!BU29:CN29))=TRUE,"",(((COUNTA('Midterm OVPAA-F-INS-055A RAW SC'!$BU$17:$CN$17)+COUNTBLANK('Midterm OVPAA-F-INS-055A RAW SC'!BU29:CN29))-COLUMNS('Midterm OVPAA-F-INS-055A RAW SC'!BU29:CN29))*5+SUM(BW29:CP29))/COUNTA('Midterm OVPAA-F-INS-055A RAW SC'!$BU$17:$CN$17)))} -> 84 | CR29: =IF(CQ29="","",VLOOKUP(CQ29,IF('Midterm OVPAA-F-INS-055A RAW SC'!$V$12=0.5,TRANSMUTATION!$C$4:$D$17,TRANSMUTATION!$G$4:$H$17),2,TRUE)) -> 1.75 | CS29: =IF('Midterm OVPAA-F-INS-055A RAW SC'!CO29="","",'Midterm OVPAA-F-INS-055A RAW SC'!CO29/'Midterm OVPAA-F-INS-055A RAW SC'!CO$17*100) -> 72 | CT29: =IF('Midterm OVPAA-F-INS-055A RAW SC'!CP29="","",'Midterm OVPAA-F-INS-055A RAW SC'!CP29/'Midterm OVPAA-F-INS-055A RAW SC'!CP$17*100) -> 80 | CU29: =IF('Midterm OVPAA-F-INS-055A RAW SC'!CQ29="","",'Midterm OVPAA-F-INS-055A RAW SC'!CQ29/'Midterm OVPAA-F-INS-055A RAW SC'!CQ$17*100) | CV29: =IF('Midterm OVPAA-F-INS-055A RAW SC'!CR29="","",'Midterm OVPAA-F-INS-055A RAW SC'!CR29/'Midterm OVPAA-F-INS-055A RAW SC'!CR$17*100) | CW29: =IF('Midterm OVPAA-F-INS-055A RAW SC'!CS29="","",'Midterm OVPAA-F-INS-055A RAW SC'!CS29/'Midterm OVPAA-F-INS-055A RAW SC'!CS$17*100) | CX29: =IF('Midterm OVPAA-F-INS-055A RAW SC'!CT29="","",'Midterm OVPAA-F-INS-055A RAW SC'!CT29/'Midterm OVPAA-F-INS-055A RAW SC'!CT$17*100) | CY29: =IF('Midterm OVPAA-F-INS-055A RAW SC'!CU29="","",'Midterm OVPAA-F-INS-055A RAW SC'!CU29/'Midterm OVPAA-F-INS-055A RAW SC'!CU$17*100) | CZ29: =IF('Midterm OVPAA-F-INS-055A RAW SC'!CV29="","",'Midterm OVPAA-F-INS-055A RAW SC'!CV29/'Midterm OVPAA-F-INS-055A RAW SC'!CV$17*100) | ... DB29: =IF('Midterm OVPAA-F-INS-055A RAW SC'!CX29="","",'Midterm OVPAA-F-INS-055A RAW SC'!CX29/'Midterm OVPAA-F-INS-055A RAW SC'!CX$17*100) | DC29: {=IF('Midterm OVPAA-F-INS-055A RAW SC'!$G29="","",IF((SUMPRODUCT(--ISBLANK('Midterm OVPAA-F-INS-055A RAW SC'!CO29:CX29))=COLUMNS('Midterm OVPAA-F-INS-055A RAW SC'!CO29:CX29))=TRUE,"",(((COUNTA('Midterm OVPAA-F-INS-055A RAW SC'!$CO$17:$CX$17)+COUNTBLANK('Midterm OVPAA-F-INS-055A RAW SC'!CO29:CX29))-COLUMNS('Midterm OVPAA-F-INS-055A RAW SC'!CO29:CX29))*5+SUM(CS29:DB29))/COUNTA('Midterm OVPAA-F-INS-055A RAW SC'!$CO$17:$CX$17)))} -> 76 | DD29: =IF(DC29="","",VLOOKUP(DC29,IF('Midterm OVPAA-F-INS-055A RAW SC'!$V$12=0.5,TRANSMUTATION!$C$4:$D$17,TRANSMUTATION!$G$4:$H$17),2,TRUE)) -> 2 | DE29: =IF(BV29="","",(BV29*DE$15)) -> 0.675 | DF29: =IF(CR29="","",(CR29*DF$15)) -> 0.525 | DG29: =IF(DD29="","",(DD29*DG$15)) -> 0.8 | DH29: =IF($DF$15="",IF(OR(DE29="",DG29="")=TRUE,"",(SUM(DE29:DG29))),IF(OR(DE29="",DF29="",DG29="")=TRUE,"",(SUM(DE29:DG29)))) -> 2 | DI29: =IF(DH29="","",LOOKUP(DH29,{0,1.1251,1.3751,1.6251,1.8751,2.1251,2.3751,2.6251,2.8751,3.1251,3.3751,3.6251},{"1.00","1.25","1.50","1.75","2.00","2.25","2.50","2.75","3.00","3.25","3.50","5.00"})) -> 2.00
E30: 13 | F30: =IF(NOT(ISBLANK('Midterm OVPAA-F-INS-055A RAW SC'!F30)),'Midterm OVPAA-F-INS-055A RAW SC'!F30,"") -> 21 | G30: =IF(NOT(ISBLANK('Midterm OVPAA-F-INS-055A RAW SC'!G30)),'Midterm OVPAA-F-INS-055A RAW SC'!G30,"") -> Melendez, Jeter Giambi | H30: =IF('Midterm OVPAA-F-INS-055A RAW SC'!H30="","",'Midterm OVPAA-F-INS-055A RAW SC'!H30/'Midterm OVPAA-F-INS-055A RAW SC'!H$17*100) -> 70 | I30: =IF('Midterm OVPAA-F-INS-055A RAW SC'!I30="","",'Midterm OVPAA-F-INS-055A RAW SC'!I30/'Midterm OVPAA-F-INS-055A RAW SC'!I$17*100) -> 92 | J30: =IF('Midterm OVPAA-F-INS-055A RAW SC'!J30="","",'Midterm OVPAA-F-INS-055A RAW SC'!J30/'Midterm OVPAA-F-INS-055A RAW SC'!J$17*100) -> 90 | K30: =IF('Midterm OVPAA-F-INS-055A RAW SC'!K30="","",'Midterm OVPAA-F-INS-055A RAW SC'!K30/'Midterm OVPAA-F-INS-055A RAW SC'!K$17*100) | L30: =IF('Midterm OVPAA-F-INS-055A RAW SC'!L30="","",'Midterm OVPAA-F-INS-055A RAW SC'!L30/'Midterm OVPAA-F-INS-055A RAW SC'!L$17*100) | M30: =IF('Midterm OVPAA-F-INS-055A RAW SC'!M30="","",'Midterm OVPAA-F-INS-055A RAW SC'!M30/'Midterm OVPAA-F-INS-055A RAW SC'!M$17*100) | N30: =IF('Midterm OVPAA-F-INS-055A RAW SC'!N30="","",'Midterm OVPAA-F-INS-055A RAW SC'!N30/'Midterm OVPAA-F-INS-055A RAW SC'!N$17*100) | O30: =IF('Midterm OVPAA-F-INS-055A RAW SC'!O30="","",'Midterm OVPAA-F-INS-055A RAW SC'!O30/'Midterm OVPAA-F-INS-055A RAW SC'!O$17*100) | ... BT30: =IF('Midterm OVPAA-F-INS-055A RAW SC'!BT30="","",'Midterm OVPAA-F-INS-055A RAW SC'!BT30/'Midterm OVPAA-F-INS-055A RAW SC'!BT$17*100) | BU30: {=IF('Midterm OVPAA-F-INS-055A RAW SC'!$G30="","",IF((SUMPRODUCT(--ISBLANK('Midterm OVPAA-F-INS-055A RAW SC'!H30:BT30))=COLUMNS('Midterm OVPAA-F-INS-055A RAW SC'!H30:BT30))=TRUE,"",(((COUNTA('Midterm OVPAA-F-INS-055A RAW SC'!$H$17:$BT$17)+COUNTBLANK('Midterm OVPAA-F-INS-055A RAW SC'!H30:BT30))-COLUMNS('Midterm OVPAA-F-INS-055A RAW SC'!H30:BT30))*5+SUM(H30:BT30))/COUNTA('Midterm OVPAA-F-INS-055A RAW SC'!$H$17:$BT$17)))} -> 84 | BV30: =IF(BU30="","",VLOOKUP(BU30,IF('Midterm OVPAA-F-INS-055A RAW SC'!$V$12=0.5,TRANSMUTATION!$C$4:$D$17,TRANSMUTATION!$G$4:$H$17),2,TRUE)) -> 1.75 | BW30: =IF('Midterm OVPAA-F-INS-055A RAW SC'!BU30="","",'Midterm OVPAA-F-INS-055A RAW SC'!BU30/'Midterm OVPAA-F-INS-055A RAW SC'!BU$17*100) -> 70 | BX30: =IF('Midterm OVPAA-F-INS-055A RAW SC'!BV30="","",'Midterm OVPAA-F-INS-055A RAW SC'!BV30/'Midterm OVPAA-F-INS-055A RAW SC'!BV$17*100) -> 100 | BY30: =IF('Midterm OVPAA-F-INS-055A RAW SC'!BW30="","",'Midterm OVPAA-F-INS-055A RAW SC'!BW30/'Midterm OVPAA-F-INS-055A RAW SC'!BW$17*100) -> 100 | BZ30: =IF('Midterm OVPAA-F-INS-055A RAW SC'!BX30="","",'Midterm OVPAA-F-INS-055A RAW SC'!BX30/'Midterm OVPAA-F-INS-055A RAW SC'!BX$17*100) | CA30: =IF('Midterm OVPAA-F-INS-055A RAW SC'!BY30="","",'Midterm OVPAA-F-INS-055A RAW SC'!BY30/'Midterm OVPAA-F-INS-055A RAW SC'!BY$17*100) | CB30: =IF('Midterm OVPAA-F-INS-055A RAW SC'!BZ30="","",'Midterm OVPAA-F-INS-055A RAW SC'!BZ30/'Midterm OVPAA-F-INS-055A RAW SC'!BZ$17*100) | CC30: =IF('Midterm OVPAA-F-INS-055A RAW SC'!CA30="","",'Midterm OVPAA-F-INS-055A RAW SC'!CA30/'Midterm OVPAA-F-INS-055A RAW SC'!CA$17*100) | CD30: =IF('Midterm OVPAA-F-INS-055A RAW SC'!CB30="","",'Midterm OVPAA-F-INS-055A RAW SC'!CB30/'Midterm OVPAA-F-INS-055A RAW SC'!CB$17*100) | ... CP30: =IF('Midterm OVPAA-F-INS-055A RAW SC'!CN30="","",'Midterm OVPAA-F-INS-055A RAW SC'!CN30/'Midterm OVPAA-F-INS-055A RAW SC'!CN$17*100) | CQ30: {=IF('Midterm OVPAA-F-INS-055A RAW SC'!G30="","",IF((SUMPRODUCT(--ISBLANK('Midterm OVPAA-F-INS-055A RAW SC'!BU30:CN30))=COLUMNS('Midterm OVPAA-F-INS-055A RAW SC'!BU30:CN30))=TRUE,"",(((COUNTA('Midterm OVPAA-F-INS-055A RAW SC'!$BU$17:$CN$17)+COUNTBLANK('Midterm OVPAA-F-INS-055A RAW SC'!BU30:CN30))-COLUMNS('Midterm OVPAA-F-INS-055A RAW SC'!BU30:CN30))*5+SUM(BW30:CP30))/COUNTA('Midterm OVPAA-F-INS-055A RAW SC'!$BU$17:$CN$17)))} -> 90 | CR30: =IF(CQ30="","",VLOOKUP(CQ30,IF('Midterm OVPAA-F-INS-055A RAW SC'!$V$12=0.5,TRANSMUTATION!$C$4:$D$17,TRANSMUTATION!$G$4:$H$17),2,TRUE)) -> 1.5 | CS30: =IF('Midterm OVPAA-F-INS-055A RAW SC'!CO30="","",'Midterm OVPAA-F-INS-055A RAW SC'!CO30/'Midterm OVPAA-F-INS-055A RAW SC'!CO$17*100) -> 76 | CT30: =IF('Midterm OVPAA-F-INS-055A RAW SC'!CP30="","",'Midterm OVPAA-F-INS-055A RAW SC'!CP30/'Midterm OVPAA-F-INS-055A RAW SC'!CP$17*100) -> 84 | CU30: =IF('Midterm OVPAA-F-INS-055A RAW SC'!CQ30="","",'Midterm OVPAA-F-INS-055A RAW SC'!CQ30/'Midterm OVPAA-F-INS-055A RAW SC'!CQ$17*100) | CV30: =IF('Midterm OVPAA-F-INS-055A RAW SC'!CR30="","",'Midterm OVPAA-F-INS-055A RAW SC'!CR30/'Midterm OVPAA-F-INS-055A RAW SC'!CR$17*100) | CW30: =IF('Midterm OVPAA-F-INS-055A RAW SC'!CS30="","",'Midterm OVPAA-F-INS-055A RAW SC'!CS30/'Midterm OVPAA-F-INS-055A RAW SC'!CS$17*100) | CX30: =IF('Midterm OVPAA-F-INS-055A RAW SC'!CT30="","",'Midterm OVPAA-F-INS-055A RAW SC'!CT30/'Midterm OVPAA-F-INS-055A RAW SC'!CT$17*100) | CY30: =IF('Midterm OVPAA-F-INS-055A RAW SC'!CU30="","",'Midterm OVPAA-F-INS-055A RAW SC'!CU30/'Midterm OVPAA-F-INS-055A RAW SC'!CU$17*100) | CZ30: =IF('Midterm OVPAA-F-INS-055A RAW SC'!CV30="","",'Midterm OVPAA-F-INS-055A RAW SC'!CV30/'Midterm OVPAA-F-INS-055A RAW SC'!CV$17*100) | ... DB30: =IF('Midterm OVPAA-F-INS-055A RAW SC'!CX30="","",'Midterm OVPAA-F-INS-055A RAW SC'!CX30/'Midterm OVPAA-F-INS-055A RAW SC'!CX$17*100) | DC30: {=IF('Midterm OVPAA-F-INS-055A RAW SC'!$G30="","",IF((SUMPRODUCT(--ISBLANK('Midterm OVPAA-F-INS-055A RAW SC'!CO30:CX30))=COLUMNS('Midterm OVPAA-F-INS-055A RAW SC'!CO30:CX30))=TRUE,"",(((COUNTA('Midterm OVPAA-F-INS-055A RAW SC'!$CO$17:$CX$17)+COUNTBLANK('Midterm OVPAA-F-INS-055A RAW SC'!CO30:CX30))-COLUMNS('Midterm OVPAA-F-INS-055A RAW SC'!CO30:CX30))*5+SUM(CS30:DB30))/COUNTA('Midterm OVPAA-F-INS-055A RAW SC'!$CO$17:$CX$17)))} -> 80 | DD30: =IF(DC30="","",VLOOKUP(DC30,IF('Midterm OVPAA-F-INS-055A RAW SC'!$V$12=0.5,TRANSMUTATION!$C$4:$D$17,TRANSMUTATION!$G$4:$H$17),2,TRUE)) -> 1.75 | DE30: =IF(BV30="","",(BV30*DE$15)) -> 0.525 | DF30: =IF(CR30="","",(CR30*DF$15)) -> 0.45 | DG30: =IF(DD30="","",(DD30*DG$15)) -> 0.7 | DH30: =IF($DF$15="",IF(OR(DE30="",DG30="")=TRUE,"",(SUM(DE30:DG30))),IF(OR(DE30="",DF30="",DG30="")=TRUE,"",(SUM(DE30:DG30)))) -> 1.675 | DI30: =IF(DH30="","",LOOKUP(DH30,{0,1.1251,1.3751,1.6251,1.8751,2.1251,2.3751,2.6251,2.8751,3.1251,3.3751,3.6251},{"1.00","1.25","1.50","1.75","2.00","2.25","2.50","2.75","3.00","3.25","3.50","5.00"})) -> 1.75
E31: 14 | F31: =IF(NOT(ISBLANK('Midterm OVPAA-F-INS-055A RAW SC'!F31)),'Midterm OVPAA-F-INS-055A RAW SC'!F31,"") -> 22 | G31: =IF(NOT(ISBLANK('Midterm OVPAA-F-INS-055A RAW SC'!G31)),'Midterm OVPAA-F-INS-055A RAW SC'!G31,"") -> Merina, Meljon G. | H31: =IF('Midterm OVPAA-F-INS-055A RAW SC'!H31="","",'Midterm OVPAA-F-INS-055A RAW SC'!H31/'Midterm OVPAA-F-INS-055A RAW SC'!H$17*100) -> 94 | I31: =IF('Midterm OVPAA-F-INS-055A RAW SC'!I31="","",'Midterm OVPAA-F-INS-055A RAW SC'!I31/'Midterm OVPAA-F-INS-055A RAW SC'!I$17*100) -> 93 | J31: =IF('Midterm OVPAA-F-INS-055A RAW SC'!J31="","",'Midterm OVPAA-F-INS-055A RAW SC'!J31/'Midterm OVPAA-F-INS-055A RAW SC'!J$17*100) -> 88 | K31: =IF('Midterm OVPAA-F-INS-055A RAW SC'!K31="","",'Midterm OVPAA-F-INS-055A RAW SC'!K31/'Midterm OVPAA-F-INS-055A RAW SC'!K$17*100) | L31: =IF('Midterm OVPAA-F-INS-055A RAW SC'!L31="","",'Midterm OVPAA-F-INS-055A RAW SC'!L31/'Midterm OVPAA-F-INS-055A RAW SC'!L$17*100) | M31: =IF('Midterm OVPAA-F-INS-055A RAW SC'!M31="","",'Midterm OVPAA-F-INS-055A RAW SC'!M31/'Midterm OVPAA-F-INS-055A RAW SC'!M$17*100) | N31: =IF('Midterm OVPAA-F-INS-055A RAW SC'!N31="","",'Midterm OVPAA-F-INS-055A RAW SC'!N31/'Midterm OVPAA-F-INS-055A RAW SC'!N$17*100) | O31: =IF('Midterm OVPAA-F-INS-055A RAW SC'!O31="","",'Midterm OVPAA-F-INS-055A RAW SC'!O31/'Midterm OVPAA-F-INS-055A RAW SC'!O$17*100) | ... BT31: =IF('Midterm OVPAA-F-INS-055A RAW SC'!BT31="","",'Midterm OVPAA-F-INS-055A RAW SC'!BT31/'Midterm OVPAA-F-INS-055A RAW SC'!BT$17*100) | BU31: {=IF('Midterm OVPAA-F-INS-055A RAW SC'!$G31="","",IF((SUMPRODUCT(--ISBLANK('Midterm OVPAA-F-INS-055A RAW SC'!H31:BT31))=COLUMNS('Midterm OVPAA-F-INS-055A RAW SC'!H31:BT31))=TRUE,"",(((COUNTA('Midterm OVPAA-F-INS-055A RAW SC'!$H$17:$BT$17)+COUNTBLANK('Midterm OVPAA-F-INS-055A RAW SC'!H31:BT31))-COLUMNS('Midterm OVPAA-F-INS-055A RAW SC'!H31:BT31))*5+SUM(H31:BT31))/COUNTA('Midterm OVPAA-F-INS-055A RAW SC'!$H$17:$BT$17)))} -> 91.666667 | BV31: =IF(BU31="","",VLOOKUP(BU31,IF('Midterm OVPAA-F-INS-055A RAW SC'!$V$12=0.5,TRANSMUTATION!$C$4:$D$17,TRANSMUTATION!$G$4:$H$17),2,TRUE)) -> 1.25 | BW31: =IF('Midterm OVPAA-F-INS-055A RAW SC'!BU31="","",'Midterm OVPAA-F-INS-055A RAW SC'!BU31/'Midterm OVPAA-F-INS-055A RAW SC'!BU$17*100) -> 94 | BX31: =IF('Midterm OVPAA-F-INS-055A RAW SC'!BV31="","",'Midterm OVPAA-F-INS-055A RAW SC'!BV31/'Midterm OVPAA-F-INS-055A RAW SC'!BV$17*100) -> 100 | BY31: =IF('Midterm OVPAA-F-INS-055A RAW SC'!BW31="","",'Midterm OVPAA-F-INS-055A RAW SC'!BW31/'Midterm OVPAA-F-INS-055A RAW SC'!BW$17*100) -> 100 | BZ31: =IF('Midterm OVPAA-F-INS-055A RAW SC'!BX31="","",'Midterm OVPAA-F-INS-055A RAW SC'!BX31/'Midterm OVPAA-F-INS-055A RAW SC'!BX$17*100) | CA31: =IF('Midterm OVPAA-F-INS-055A RAW SC'!BY31="","",'Midterm OVPAA-F-INS-055A RAW SC'!BY31/'Midterm OVPAA-F-INS-055A RAW SC'!BY$17*100) | CB31: =IF('Midterm OVPAA-F-INS-055A RAW SC'!BZ31="","",'Midterm OVPAA-F-INS-055A RAW SC'!BZ31/'Midterm OVPAA-F-INS-055A RAW SC'!BZ$17*100) | CC31: =IF('Midterm OVPAA-F-INS-055A RAW SC'!CA31="","",'Midterm OVPAA-F-INS-055A RAW SC'!CA31/'Midterm OVPAA-F-INS-055A RAW SC'!CA$17*100) | CD31: =IF('Midterm OVPAA-F-INS-055A RAW SC'!CB31="","",'Midterm OVPAA-F-INS-055A RAW SC'!CB31/'Midterm OVPAA-F-INS-055A RAW SC'!CB$17*100) | ... CP31: =IF('Midterm OVPAA-F-INS-055A RAW SC'!CN31="","",'Midterm OVPAA-F-INS-055A RAW SC'!CN31/'Midterm OVPAA-F-INS-055A RAW SC'!CN$17*100) | CQ31: {=IF('Midterm OVPAA-F-INS-055A RAW SC'!G31="","",IF((SUMPRODUCT(--ISBLANK('Midterm OVPAA-F-INS-055A RAW SC'!BU31:CN31))=COLUMNS('Midterm OVPAA-F-INS-055A RAW SC'!BU31:CN31))=TRUE,"",(((COUNTA('Midterm OVPAA-F-INS-055A RAW SC'!$BU$17:$CN$17)+COUNTBLANK('Midterm OVPAA-F-INS-055A RAW SC'!BU31:CN31))-COLUMNS('Midterm OVPAA-F-INS-055A RAW SC'!BU31:CN31))*5+SUM(BW31:CP31))/COUNTA('Midterm OVPAA-F-INS-055A RAW SC'!$BU$17:$CN$17)))} -> 98 | CR31: =IF(CQ31="","",VLOOKUP(CQ31,IF('Midterm OVPAA-F-INS-055A RAW SC'!$V$12=0.5,TRANSMUTATION!$C$4:$D$17,TRANSMUTATION!$G$4:$H$17),2,TRUE)) -> 1 | CS31: =IF('Midterm OVPAA-F-INS-055A RAW SC'!CO31="","",'Midterm OVPAA-F-INS-055A RAW SC'!CO31/'Midterm OVPAA-F-INS-055A RAW SC'!CO$17*100) -> 94 | CT31: =IF('Midterm OVPAA-F-INS-055A RAW SC'!CP31="","",'Midterm OVPAA-F-INS-055A RAW SC'!CP31/'Midterm OVPAA-F-INS-055A RAW SC'!CP$17*100) -> 76 | CU31: =IF('Midterm OVPAA-F-INS-055A RAW SC'!CQ31="","",'Midterm OVPAA-F-INS-055A RAW SC'!CQ31/'Midterm OVPAA-F-INS-055A RAW SC'!CQ$17*100) | CV31: =IF('Midterm OVPAA-F-INS-055A RAW SC'!CR31="","",'Midterm OVPAA-F-INS-055A RAW SC'!CR31/'Midterm OVPAA-F-INS-055A RAW SC'!CR$17*100) | CW31: =IF('Midterm OVPAA-F-INS-055A RAW SC'!CS31="","",'Midterm OVPAA-F-INS-055A RAW SC'!CS31/'Midterm OVPAA-F-INS-055A RAW SC'!CS$17*100) | CX31: =IF('Midterm OVPAA-F-INS-055A RAW SC'!CT31="","",'Midterm OVPAA-F-INS-055A RAW SC'!CT31/'Midterm OVPAA-F-INS-055A RAW SC'!CT$17*100) | CY31: =IF('Midterm OVPAA-F-INS-055A RAW SC'!CU31="","",'Midterm OVPAA-F-INS-055A RAW SC'!CU31/'Midterm OVPAA-F-INS-055A RAW SC'!CU$17*100) | CZ31: =IF('Midterm OVPAA-F-INS-055A RAW SC'!CV31="","",'Midterm OVPAA-F-INS-055A RAW SC'!CV31/'Midterm OVPAA-F-INS-055A RAW SC'!CV$17*100) | ... DB31: =IF('Midterm OVPAA-F-INS-055A RAW SC'!CX31="","",'Midterm OVPAA-F-INS-055A RAW SC'!CX31/'Midterm OVPAA-F-INS-055A RAW SC'!CX$17*100) | DC31: {=IF('Midterm OVPAA-F-INS-055A RAW SC'!$G31="","",IF((SUMPRODUCT(--ISBLANK('Midterm OVPAA-F-INS-055A RAW SC'!CO31:CX31))=COLUMNS('Midterm OVPAA-F-INS-055A RAW SC'!CO31:CX31))=TRUE,"",(((COUNTA('Midterm OVPAA-F-INS-055A RAW SC'!$CO$17:$CX$17)+COUNTBLANK('Midterm OVPAA-F-INS-055A RAW SC'!CO31:CX31))-COLUMNS('Midterm OVPAA-F-INS-055A RAW SC'!CO31:CX31))*5+SUM(CS31:DB31))/COUNTA('Midterm OVPAA-F-INS-055A RAW SC'!$CO$17:$CX$17)))} -> 85 | DD31: =IF(DC31="","",VLOOKUP(DC31,IF('Midterm OVPAA-F-INS-055A RAW SC'!$V$12=0.5,TRANSMUTATION!$C$4:$D$17,TRANSMUTATION!$G$4:$H$17),2,TRUE)) -> 1.75 | DE31: =IF(BV31="","",(BV31*DE$15)) -> 0.375 | DF31: =IF(CR31="","",(CR31*DF$15)) -> 0.3 | DG31: =IF(DD31="","",(DD31*DG$15)) -> 0.7 | DH31: =IF($DF$15="",IF(OR(DE31="",DG31="")=TRUE,"",(SUM(DE31:DG31))),IF(OR(DE31="",DF31="",DG31="")=TRUE,"",(SUM(DE31:DG31)))) -> 1.375 | DI31: =IF(DH31="","",LOOKUP(DH31,{0,1.1251,1.3751,1.6251,1.8751,2.1251,2.3751,2.6251,2.8751,3.1251,3.3751,3.6251},{"1.00","1.25","1.50","1.75","2.00","2.25","2.50","2.75","3.00","3.25","3.50","5.00"})) -> 1.25
E32: 15 | F32: =IF(NOT(ISBLANK('Midterm OVPAA-F-INS-055A RAW SC'!F32)),'Midterm OVPAA-F-INS-055A RAW SC'!F32,"") -> 23 | G32: =IF(NOT(ISBLANK('Midterm OVPAA-F-INS-055A RAW SC'!G32)),'Midterm OVPAA-F-INS-055A RAW SC'!G32,"") -> Neri, Jaira Greist | H32: =IF('Midterm OVPAA-F-INS-055A RAW SC'!H32="","",'Midterm OVPAA-F-INS-055A RAW SC'!H32/'Midterm OVPAA-F-INS-055A RAW SC'!H$17*100) -> 94 | I32: 90 | J32: 80 | K32: =IF('Midterm OVPAA-F-INS-055A RAW SC'!K32="","",'Midterm OVPAA-F-INS-055A RAW SC'!K32/'Midterm OVPAA-F-INS-055A RAW SC'!K$17*100) | L32: =IF('Midterm OVPAA-F-INS-055A RAW SC'!L32="","",'Midterm OVPAA-F-INS-055A RAW SC'!L32/'Midterm OVPAA-F-INS-055A RAW SC'!L$17*100) | M32: =IF('Midterm OVPAA-F-INS-055A RAW SC'!M32="","",'Midterm OVPAA-F-INS-055A RAW SC'!M32/'Midterm OVPAA-F-INS-055A RAW SC'!M$17*100) | N32: =IF('Midterm OVPAA-F-INS-055A RAW SC'!N32="","",'Midterm OVPAA-F-INS-055A RAW SC'!N32/'Midterm OVPAA-F-INS-055A RAW SC'!N$17*100) | O32: =IF('Midterm OVPAA-F-INS-055A RAW SC'!O32="","",'Midterm OVPAA-F-INS-055A RAW SC'!O32/'Midterm OVPAA-F-INS-055A RAW SC'!O$17*100) | P32: =IF('Midterm OVPAA-F-INS-055A RAW SC'!P32="","",'Midterm OVPAA-F-INS-055A RAW SC'!P32/'Midterm OVPAA-F-INS-055A RAW SC'!P$17*100) | Q32: =IF('Midterm OVPAA-F-INS-055A RAW SC'!Q32="","",'Midterm OVPAA-F-INS-055A RAW SC'!Q32/'Midterm OVPAA-F-INS-055A RAW SC'!Q$17*100) | R32: =IF('Midterm OVPAA-F-INS-055A RAW SC'!R32="","",'Midterm OVPAA-F-INS-055A RAW SC'!R32/'Midterm OVPAA-F-INS-055A RAW SC'!R$17*100) | ... BT32: =IF('Midterm OVPAA-F-INS-055A RAW SC'!BT32="","",'Midterm OVPAA-F-INS-055A RAW SC'!BT32/'Midterm OVPAA-F-INS-055A RAW SC'!BT$17*100) | BU32: {=IF('Midterm OVPAA-F-INS-055A RAW SC'!$G32="","",IF((SUMPRODUCT(--ISBLANK('Midterm OVPAA-F-INS-055A RAW SC'!H32:BT32))=COLUMNS('Midterm OVPAA-F-INS-055A RAW SC'!H32:BT32))=TRUE,"",(((COUNTA('Midterm OVPAA-F-INS-055A RAW SC'!$H$17:$BT$17)+COUNTBLANK('Midterm OVPAA-F-INS-055A RAW SC'!H32:BT32))-COLUMNS('Midterm OVPAA-F-INS-055A RAW SC'!H32:BT32))*5+SUM(H32:BT32))/COUNTA('Midterm OVPAA-F-INS-055A RAW SC'!$H$17:$BT$17)))} -> 88 | BV32: =IF(BU32="","",VLOOKUP(BU32,IF('Midterm OVPAA-F-INS-055A RAW SC'!$V$12=0.5,TRANSMUTATION!$C$4:$D$17,TRANSMUTATION!$G$4:$H$17),2,TRUE)) -> 1.5 | BW32: =IF('Midterm OVPAA-F-INS-055A RAW SC'!BU32="","",'Midterm OVPAA-F-INS-055A RAW SC'!BU32/'Midterm OVPAA-F-INS-055A RAW SC'!BU$17*100) -> 94 | BX32: =IF('Midterm OVPAA-F-INS-055A RAW SC'!BV32="","",'Midterm OVPAA-F-INS-055A RAW SC'!BV32/'Midterm OVPAA-F-INS-055A RAW SC'!BV$17*100) -> 100 | BY32: =IF('Midterm OVPAA-F-INS-055A RAW SC'!BW32="","",'Midterm OVPAA-F-INS-055A RAW SC'!BW32/'Midterm OVPAA-F-INS-055A RAW SC'!BW$17*100) -> 100 | BZ32: =IF('Midterm OVPAA-F-INS-055A RAW SC'!BX32="","",'Midterm OVPAA-F-INS-055A RAW SC'!BX32/'Midterm OVPAA-F-INS-055A RAW SC'!BX$17*100) | CA32: =IF('Midterm OVPAA-F-INS-055A RAW SC'!BY32="","",'Midterm OVPAA-F-INS-055A RAW SC'!BY32/'Midterm OVPAA-F-INS-055A RAW SC'!BY$17*100) | CB32: =IF('Midterm OVPAA-F-INS-055A RAW SC'!BZ32="","",'Midterm OVPAA-F-INS-055A RAW SC'!BZ32/'Midterm OVPAA-F-INS-055A RAW SC'!BZ$17*100) | CC32: =IF('Midterm OVPAA-F-INS-055A RAW SC'!CA32="","",'Midterm OVPAA-F-INS-055A RAW SC'!CA32/'Midterm OVPAA-F-INS-055A RAW SC'!CA$17*100) | CD32: =IF('Midterm OVPAA-F-INS-055A RAW SC'!CB32="","",'Midterm OVPAA-F-INS-055A RAW SC'!CB32/'Midterm OVPAA-F-INS-055A RAW SC'!CB$17*100) | ... CP32: =IF('Midterm OVPAA-F-INS-055A RAW SC'!CN32="","",'Midterm OVPAA-F-INS-055A RAW SC'!CN32/'Midterm OVPAA-F-INS-055A RAW SC'!CN$17*100) | CQ32: {=IF('Midterm OVPAA-F-INS-055A RAW SC'!G32="","",IF((SUMPRODUCT(--ISBLANK('Midterm OVPAA-F-INS-055A RAW SC'!BU32:CN32))=COLUMNS('Midterm OVPAA-F-INS-055A RAW SC'!BU32:CN32))=TRUE,"",(((COUNTA('Midterm OVPAA-F-INS-055A RAW SC'!$BU$17:$CN$17)+COUNTBLANK('Midterm OVPAA-F-INS-055A RAW SC'!BU32:CN32))-COLUMNS('Midterm OVPAA-F-INS-055A RAW SC'!BU32:CN32))*5+SUM(BW32:CP32))/COUNTA('Midterm OVPAA-F-INS-055A RAW SC'!$BU$17:$CN$17)))} -> 98 | CR32: =IF(CQ32="","",VLOOKUP(CQ32,IF('Midterm OVPAA-F-INS-055A RAW SC'!$V$12=0.5,TRANSMUTATION!$C$4:$D$17,TRANSMUTATION!$G$4:$H$17),2,TRUE)) -> 1 | CS32: =IF('Midterm OVPAA-F-INS-055A RAW SC'!CO32="","",'Midterm OVPAA-F-INS-055A RAW SC'!CO32/'Midterm OVPAA-F-INS-055A RAW SC'!CO$17*100) -> 94 | CT32: =IF('Midterm OVPAA-F-INS-055A RAW SC'!CP32="","",'Midterm OVPAA-F-INS-055A RAW SC'!CP32/'Midterm OVPAA-F-INS-055A RAW SC'!CP$17*100) -> 78 | CU32: =IF('Midterm OVPAA-F-INS-055A RAW SC'!CQ32="","",'Midterm OVPAA-F-INS-055A RAW SC'!CQ32/'Midterm OVPAA-F-INS-055A RAW SC'!CQ$17*100) | CV32: =IF('Midterm OVPAA-F-INS-055A RAW SC'!CR32="","",'Midterm OVPAA-F-INS-055A RAW SC'!CR32/'Midterm OVPAA-F-INS-055A RAW SC'!CR$17*100) | CW32: =IF('Midterm OVPAA-F-INS-055A RAW SC'!CS32="","",'Midterm OVPAA-F-INS-055A RAW SC'!CS32/'Midterm OVPAA-F-INS-055A RAW SC'!CS$17*100) | CX32: =IF('Midterm OVPAA-F-INS-055A RAW SC'!CT32="","",'Midterm OVPAA-F-INS-055A RAW SC'!CT32/'Midterm OVPAA-F-INS-055A RAW SC'!CT$17*100) | CY32: =IF('Midterm OVPAA-F-INS-055A RAW SC'!CU32="","",'Midterm OVPAA-F-INS-055A RAW SC'!CU32/'Midterm OVPAA-F-INS-055A RAW SC'!CU$17*100) | CZ32: =IF('Midterm OVPAA-F-INS-055A RAW SC'!CV32="","",'Midterm OVPAA-F-INS-055A RAW SC'!CV32/'Midterm OVPAA-F-INS-055A RAW SC'!CV$17*100) | ... DB32: =IF('Midterm OVPAA-F-INS-055A RAW SC'!CX32="","",'Midterm OVPAA-F-INS-055A RAW SC'!CX32/'Midterm OVPAA-F-INS-055A RAW SC'!CX$17*100) | DC32: {=IF('Midterm OVPAA-F-INS-055A RAW SC'!$G32="","",IF((SUMPRODUCT(--ISBLANK('Midterm OVPAA-F-INS-055A RAW SC'!CO32:CX32))=COLUMNS('Midterm OVPAA-F-INS-055A RAW SC'!CO32:CX32))=TRUE,"",(((COUNTA('Midterm OVPAA-F-INS-055A RAW SC'!$CO$17:$CX$17)+COUNTBLANK('Midterm OVPAA-F-INS-055A RAW SC'!CO32:CX32))-COLUMNS('Midterm OVPAA-F-INS-055A RAW SC'!CO32:CX32))*5+SUM(CS32:DB32))/COUNTA('Midterm OVPAA-F-INS-055A RAW SC'!$CO$17:$CX$17)))} -> 86 | DD32: =IF(DC32="","",VLOOKUP(DC32,IF('Midterm OVPAA-F-INS-055A RAW SC'!$V$12=0.5,TRANSMUTATION!$C$4:$D$17,TRANSMUTATION!$G$4:$H$17),2,TRUE)) -> 1.5 | DE32: =IF(BV32="","",(BV32*DE$15)) -> 0.45 | DF32: =IF(CR32="","",(CR32*DF$15)) -> 0.3 | DG32: =IF(DD32="","",(DD32*DG$15)) -> 0.6 | DH32: =IF($DF$15="",IF(OR(DE32="",DG32="")=TRUE,"",(SUM(DE32:DG32))),IF(OR(DE32="",DF32="",DG32="")=TRUE,"",(SUM(DE32:DG32)))) -> 1.35 | DI32: =IF(DH32="","",LOOKUP(DH32,{0,1.1251,1.3751,1.6251,1.8751,2.1251,2.3751,2.6251,2.8751,3.1251,3.3751,3.6251},{"1.00","1.25","1.50","1.75","2.00","2.25","2.50","2.75","3.00","3.25","3.50","5.00"})) -> 1.25
E33: 16 | F33: =IF(NOT(ISBLANK('Midterm OVPAA-F-INS-055A RAW SC'!F33)),'Midterm OVPAA-F-INS-055A RAW SC'!F33,"") -> 24 | G33: =IF(NOT(ISBLANK('Midterm OVPAA-F-INS-055A RAW SC'!G33)),'Midterm OVPAA-F-INS-055A RAW SC'!G33,"") -> Noval, Miky | H33: =IF('Midterm OVPAA-F-INS-055A RAW SC'!H33="","",'Midterm OVPAA-F-INS-055A RAW SC'!H33/'Midterm OVPAA-F-INS-055A RAW SC'!H$17*100) -> 72 | I33: 90 | J33: 80 | K33: =IF('Midterm OVPAA-F-INS-055A RAW SC'!K33="","",'Midterm OVPAA-F-INS-055A RAW SC'!K33/'Midterm OVPAA-F-INS-055A RAW SC'!K$17*100) | L33: =IF('Midterm OVPAA-F-INS-055A RAW SC'!L33="","",'Midterm OVPAA-F-INS-055A RAW SC'!L33/'Midterm OVPAA-F-INS-055A RAW SC'!L$17*100) | M33: =IF('Midterm OVPAA-F-INS-055A RAW SC'!M33="","",'Midterm OVPAA-F-INS-055A RAW SC'!M33/'Midterm OVPAA-F-INS-055A RAW SC'!M$17*100) | N33: =IF('Midterm OVPAA-F-INS-055A RAW SC'!N33="","",'Midterm OVPAA-F-INS-055A RAW SC'!N33/'Midterm OVPAA-F-INS-055A RAW SC'!N$17*100) | O33: =IF('Midterm OVPAA-F-INS-055A RAW SC'!O33="","",'Midterm OVPAA-F-INS-055A RAW SC'!O33/'Midterm OVPAA-F-INS-055A RAW SC'!O$17*100) | P33: =IF('Midterm OVPAA-F-INS-055A RAW SC'!P33="","",'Midterm OVPAA-F-INS-055A RAW SC'!P33/'Midterm OVPAA-F-INS-055A RAW SC'!P$17*100) | Q33: =IF('Midterm OVPAA-F-INS-055A RAW SC'!Q33="","",'Midterm OVPAA-F-INS-055A RAW SC'!Q33/'Midterm OVPAA-F-INS-055A RAW SC'!Q$17*100) | R33: =IF('Midterm OVPAA-F-INS-055A RAW SC'!R33="","",'Midterm OVPAA-F-INS-055A RAW SC'!R33/'Midterm OVPAA-F-INS-055A RAW SC'!R$17*100) | ... BT33: =IF('Midterm OVPAA-F-INS-055A RAW SC'!BT33="","",'Midterm OVPAA-F-INS-055A RAW SC'!BT33/'Midterm OVPAA-F-INS-055A RAW SC'!BT$17*100) | BU33: {=IF('Midterm OVPAA-F-INS-055A RAW SC'!$G33="","",IF((SUMPRODUCT(--ISBLANK('Midterm OVPAA-F-INS-055A RAW SC'!H33:BT33))=COLUMNS('Midterm OVPAA-F-INS-055A RAW SC'!H33:BT33))=TRUE,"",(((COUNTA('Midterm OVPAA-F-INS-055A RAW SC'!$H$17:$BT$17)+COUNTBLANK('Midterm OVPAA-F-INS-055A RAW SC'!H33:BT33))-COLUMNS('Midterm OVPAA-F-INS-055A RAW SC'!H33:BT33))*5+SUM(H33:BT33))/COUNTA('Midterm OVPAA-F-INS-055A RAW SC'!$H$17:$BT$17)))} -> 80.666667 | BV33: =IF(BU33="","",VLOOKUP(BU33,IF('Midterm OVPAA-F-INS-055A RAW SC'!$V$12=0.5,TRANSMUTATION!$C$4:$D$17,TRANSMUTATION!$G$4:$H$17),2,TRUE)) -> 1.75 | BW33: =IF('Midterm OVPAA-F-INS-055A RAW SC'!BU33="","",'Midterm OVPAA-F-INS-055A RAW SC'!BU33/'Midterm OVPAA-F-INS-055A RAW SC'!BU$17*100) -> 72 | BX33: =IF('Midterm OVPAA-F-INS-055A RAW SC'!BV33="","",'Midterm OVPAA-F-INS-055A RAW SC'!BV33/'Midterm OVPAA-F-INS-055A RAW SC'!BV$17*100) -> 100 | BY33: =IF('Midterm OVPAA-F-INS-055A RAW SC'!BW33="","",'Midterm OVPAA-F-INS-055A RAW SC'!BW33/'Midterm OVPAA-F-INS-055A RAW SC'!BW$17*100) -> 75 | BZ33: =IF('Midterm OVPAA-F-INS-055A RAW SC'!BX33="","",'Midterm OVPAA-F-INS-055A RAW SC'!BX33/'Midterm OVPAA-F-INS-055A RAW SC'!BX$17*100) | CA33: =IF('Midterm OVPAA-F-INS-055A RAW SC'!BY33="","",'Midterm OVPAA-F-INS-055A RAW SC'!BY33/'Midterm OVPAA-F-INS-055A RAW SC'!BY$17*100) | CB33: =IF('Midterm OVPAA-F-INS-055A RAW SC'!BZ33="","",'Midterm OVPAA-F-INS-055A RAW SC'!BZ33/'Midterm OVPAA-F-INS-055A RAW SC'!BZ$17*100) | CC33: =IF('Midterm OVPAA-F-INS-055A RAW SC'!CA33="","",'Midterm OVPAA-F-INS-055A RAW SC'!CA33/'Midterm OVPAA-F-INS-055A RAW SC'!CA$17*100) | CD33: =IF('Midterm OVPAA-F-INS-055A RAW SC'!CB33="","",'Midterm OVPAA-F-INS-055A RAW SC'!CB33/'Midterm OVPAA-F-INS-055A RAW SC'!CB$17*100) | ... CP33: =IF('Midterm OVPAA-F-INS-055A RAW SC'!CN33="","",'Midterm OVPAA-F-INS-055A RAW SC'!CN33/'Midterm OVPAA-F-INS-055A RAW SC'!CN$17*100) | CQ33: {=IF('Midterm OVPAA-F-INS-055A RAW SC'!G33="","",IF((SUMPRODUCT(--ISBLANK('Midterm OVPAA-F-INS-055A RAW SC'!BU33:CN33))=COLUMNS('Midterm OVPAA-F-INS-055A RAW SC'!BU33:CN33))=TRUE,"",(((COUNTA('Midterm OVPAA-F-INS-055A RAW SC'!$BU$17:$CN$17)+COUNTBLANK('Midterm OVPAA-F-INS-055A RAW SC'!BU33:CN33))-COLUMNS('Midterm OVPAA-F-INS-055A RAW SC'!BU33:CN33))*5+SUM(BW33:CP33))/COUNTA('Midterm OVPAA-F-INS-055A RAW SC'!$BU$17:$CN$17)))} -> 82.333333 | CR33: =IF(CQ33="","",VLOOKUP(CQ33,IF('Midterm OVPAA-F-INS-055A RAW SC'!$V$12=0.5,TRANSMUTATION!$C$4:$D$17,TRANSMUTATION!$G$4:$H$17),2,TRUE)) -> 1.75 | CS33: =IF('Midterm OVPAA-F-INS-055A RAW SC'!CO33="","",'Midterm OVPAA-F-INS-055A RAW SC'!CO33/'Midterm OVPAA-F-INS-055A RAW SC'!CO$17*100) -> 72 | CT33: =IF('Midterm OVPAA-F-INS-055A RAW SC'!CP33="","",'Midterm OVPAA-F-INS-055A RAW SC'!CP33/'Midterm OVPAA-F-INS-055A RAW SC'!CP$17*100) -> 82 | CU33: =IF('Midterm OVPAA-F-INS-055A RAW SC'!CQ33="","",'Midterm OVPAA-F-INS-055A RAW SC'!CQ33/'Midterm OVPAA-F-INS-055A RAW SC'!CQ$17*100) | CV33: =IF('Midterm OVPAA-F-INS-055A RAW SC'!CR33="","",'Midterm OVPAA-F-INS-055A RAW SC'!CR33/'Midterm OVPAA-F-INS-055A RAW SC'!CR$17*100) | CW33: =IF('Midterm OVPAA-F-INS-055A RAW SC'!CS33="","",'Midterm OVPAA-F-INS-055A RAW SC'!CS33/'Midterm OVPAA-F-INS-055A RAW SC'!CS$17*100) | CX33: =IF('Midterm OVPAA-F-INS-055A RAW SC'!CT33="","",'Midterm OVPAA-F-INS-055A RAW SC'!CT33/'Midterm OVPAA-F-INS-055A RAW SC'!CT$17*100) | CY33: =IF('Midterm OVPAA-F-INS-055A RAW SC'!CU33="","",'Midterm OVPAA-F-INS-055A RAW SC'!CU33/'Midterm OVPAA-F-INS-055A RAW SC'!CU$17*100) | CZ33: =IF('Midterm OVPAA-F-INS-055A RAW SC'!CV33="","",'Midterm OVPAA-F-INS-055A RAW SC'!CV33/'Midterm OVPAA-F-INS-055A RAW SC'!CV$17*100) | ... DB33: =IF('Midterm OVPAA-F-INS-055A RAW SC'!CX33="","",'Midterm OVPAA-F-INS-055A RAW SC'!CX33/'Midterm OVPAA-F-INS-055A RAW SC'!CX$17*100) | DC33: {=IF('Midterm OVPAA-F-INS-055A RAW SC'!$G33="","",IF((SUMPRODUCT(--ISBLANK('Midterm OVPAA-F-INS-055A RAW SC'!CO33:CX33))=COLUMNS('Midterm OVPAA-F-INS-055A RAW SC'!CO33:CX33))=TRUE,"",(((COUNTA('Midterm OVPAA-F-INS-055A RAW SC'!$CO$17:$CX$17)+COUNTBLANK('Midterm OVPAA-F-INS-055A RAW SC'!CO33:CX33))-COLUMNS('Midterm OVPAA-F-INS-055A RAW SC'!CO33:CX33))*5+SUM(CS33:DB33))/COUNTA('Midterm OVPAA-F-INS-055A RAW SC'!$CO$17:$CX$17)))} -> 77 | DD33: =IF(DC33="","",VLOOKUP(DC33,IF('Midterm OVPAA-F-INS-055A RAW SC'!$V$12=0.5,TRANSMUTATION!$C$4:$D$17,TRANSMUTATION!$G$4:$H$17),2,TRUE)) -> 2 | DE33: =IF(BV33="","",(BV33*DE$15)) -> 0.525 | DF33: =IF(CR33="","",(CR33*DF$15)) -> 0.525 | DG33: =IF(DD33="","",(DD33*DG$15)) -> 0.8 | DH33: =IF($DF$15="",IF(OR(DE33="",DG33="")=TRUE,"",(SUM(DE33:DG33))),IF(OR(DE33="",DF33="",DG33="")=TRUE,"",(SUM(DE33:DG33)))) -> 1.85 | DI33: =IF(DH33="","",LOOKUP(DH33,{0,1.1251,1.3751,1.6251,1.8751,2.1251,2.3751,2.6251,2.8751,3.1251,3.3751,3.6251},{"1.00","1.25","1.50","1.75","2.00","2.25","2.50","2.75","3.00","3.25","3.50","5.00"})) -> 1.75
E34: 17 | F34: =IF(NOT(ISBLANK('Midterm OVPAA-F-INS-055A RAW SC'!F34)),'Midterm OVPAA-F-INS-055A RAW SC'!F34,"") -> 25 | G34: =IF(NOT(ISBLANK('Midterm OVPAA-F-INS-055A RAW SC'!G34)),'Midterm OVPAA-F-INS-055A RAW SC'!G34,"") -> Nuer, Jaymarc | H34: =IF('Midterm OVPAA-F-INS-055A RAW SC'!H34="","",'Midterm OVPAA-F-INS-055A RAW SC'!H34/'Midterm OVPAA-F-INS-055A RAW SC'!H$17*100) -> 72 | I34: =IF('Midterm OVPAA-F-INS-055A RAW SC'!I34="","",'Midterm OVPAA-F-INS-055A RAW SC'!I34/'Midterm OVPAA-F-INS-055A RAW SC'!I$17*100) -> 60 | J34: 70 | K34: =IF('Midterm OVPAA-F-INS-055A RAW SC'!K34="","",'Midterm OVPAA-F-INS-055A RAW SC'!K34/'Midterm OVPAA-F-INS-055A RAW SC'!K$17*100) | L34: =IF('Midterm OVPAA-F-INS-055A RAW SC'!L34="","",'Midterm OVPAA-F-INS-055A RAW SC'!L34/'Midterm OVPAA-F-INS-055A RAW SC'!L$17*100) | M34: =IF('Midterm OVPAA-F-INS-055A RAW SC'!M34="","",'Midterm OVPAA-F-INS-055A RAW SC'!M34/'Midterm OVPAA-F-INS-055A RAW SC'!M$17*100) | N34: =IF('Midterm OVPAA-F-INS-055A RAW SC'!N34="","",'Midterm OVPAA-F-INS-055A RAW SC'!N34/'Midterm OVPAA-F-INS-055A RAW SC'!N$17*100) | O34: =IF('Midterm OVPAA-F-INS-055A RAW SC'!O34="","",'Midterm OVPAA-F-INS-055A RAW SC'!O34/'Midterm OVPAA-F-INS-055A RAW SC'!O$17*100) | P34: =IF('Midterm OVPAA-F-INS-055A RAW SC'!P34="","",'Midterm OVPAA-F-INS-055A RAW SC'!P34/'Midterm OVPAA-F-INS-055A RAW SC'!P$17*100) | Q34: =IF('Midterm OVPAA-F-INS-055A RAW SC'!Q34="","",'Midterm OVPAA-F-INS-055A RAW SC'!Q34/'Midterm OVPAA-F-INS-055A RAW SC'!Q$17*100) | R34: =IF('Midterm OVPAA-F-INS-055A RAW SC'!R34="","",'Midterm OVPAA-F-INS-055A RAW SC'!R34/'Midterm OVPAA-F-INS-055A RAW SC'!R$17*100) | ... BT34: =IF('Midterm OVPAA-F-INS-055A RAW SC'!BT34="","",'Midterm OVPAA-F-INS-055A RAW SC'!BT34/'Midterm OVPAA-F-INS-055A RAW SC'!BT$17*100) | BU34: {=IF('Midterm OVPAA-F-INS-055A RAW SC'!$G34="","",IF((SUMPRODUCT(--ISBLANK('Midterm OVPAA-F-INS-055A RAW SC'!H34:BT34))=COLUMNS('Midterm OVPAA-F-INS-055A RAW SC'!H34:BT34))=TRUE,"",(((COUNTA('Midterm OVPAA-F-INS-055A RAW SC'!$H$17:$BT$17)+COUNTBLANK('Midterm OVPAA-F-INS-055A RAW SC'!H34:BT34))-COLUMNS('Midterm OVPAA-F-INS-055A RAW SC'!H34:BT34))*5+SUM(H34:BT34))/COUNTA('Midterm OVPAA-F-INS-055A RAW SC'!$H$17:$BT$17)))} -> 67.333333 | BV34: =IF(BU34="","",VLOOKUP(BU34,IF('Midterm OVPAA-F-INS-055A RAW SC'!$V$12=0.5,TRANSMUTATION!$C$4:$D$17,TRANSMUTATION!$G$4:$H$17),2,TRUE)) -> 2.5 | BW34: =IF('Midterm OVPAA-F-INS-055A RAW SC'!BU34="","",'Midterm OVPAA-F-INS-055A RAW SC'!BU34/'Midterm OVPAA-F-INS-055A RAW SC'!BU$17*100) -> 72 | BX34: =IF('Midterm OVPAA-F-INS-055A RAW SC'!BV34="","",'Midterm OVPAA-F-INS-055A RAW SC'!BV34/'Midterm OVPAA-F-INS-055A RAW SC'!BV$17*100) -> 100 | BY34: =IF('Midterm OVPAA-F-INS-055A RAW SC'!BW34="","",'Midterm OVPAA-F-INS-055A RAW SC'!BW34/'Midterm OVPAA-F-INS-055A RAW SC'!BW$17*100) -> 75 | BZ34: =IF('Midterm OVPAA-F-INS-055A RAW SC'!BX34="","",'Midterm OVPAA-F-INS-055A RAW SC'!BX34/'Midterm OVPAA-F-INS-055A RAW SC'!BX$17*100) | CA34: =IF('Midterm OVPAA-F-INS-055A RAW SC'!BY34="","",'Midterm OVPAA-F-INS-055A RAW SC'!BY34/'Midterm OVPAA-F-INS-055A RAW SC'!BY$17*100) | CB34: =IF('Midterm OVPAA-F-INS-055A RAW SC'!BZ34="","",'Midterm OVPAA-F-INS-055A RAW SC'!BZ34/'Midterm OVPAA-F-INS-055A RAW SC'!BZ$17*100) | CC34: =IF('Midterm OVPAA-F-INS-055A RAW SC'!CA34="","",'Midterm OVPAA-F-INS-055A RAW SC'!CA34/'Midterm OVPAA-F-INS-055A RAW SC'!CA$17*100) | CD34: =IF('Midterm OVPAA-F-INS-055A RAW SC'!CB34="","",'Midterm OVPAA-F-INS-055A RAW SC'!CB34/'Midterm OVPAA-F-INS-055A RAW SC'!CB$17*100) | ... CP34: =IF('Midterm OVPAA-F-INS-055A RAW SC'!CN34="","",'Midterm OVPAA-F-INS-055A RAW SC'!CN34/'Midterm OVPAA-F-INS-055A RAW SC'!CN$17*100) | CQ34: {=IF('Midterm OVPAA-F-INS-055A RAW SC'!G34="","",IF((SUMPRODUCT(--ISBLANK('Midterm OVPAA-F-INS-055A RAW SC'!BU34:CN34))=COLUMNS('Midterm OVPAA-F-INS-055A RAW SC'!BU34:CN34))=TRUE,"",(((COUNTA('Midterm OVPAA-F-INS-055A RAW SC'!$BU$17:$CN$17)+COUNTBLANK('Midterm OVPAA-F-INS-055A RAW SC'!BU34:CN34))-COLUMNS('Midterm OVPAA-F-INS-055A RAW SC'!BU34:CN34))*5+SUM(BW34:CP34))/COUNTA('Midterm OVPAA-F-INS-055A RAW SC'!$BU$17:$CN$17)))} -> 82.333333 | CR34: =IF(CQ34="","",VLOOKUP(CQ34,IF('Midterm OVPAA-F-INS-055A RAW SC'!$V$12=0.5,TRANSMUTATION!$C$4:$D$17,TRANSMUTATION!$G$4:$H$17),2,TRUE)) -> 1.75 | CS34: =IF('Midterm OVPAA-F-INS-055A RAW SC'!CO34="","",'Midterm OVPAA-F-INS-055A RAW SC'!CO34/'Midterm OVPAA-F-INS-055A RAW SC'!CO$17*100) -> 72 | CT34: =IF('Midterm OVPAA-F-INS-055A RAW SC'!CP34="","",'Midterm OVPAA-F-INS-055A RAW SC'!CP34/'Midterm OVPAA-F-INS-055A RAW SC'!CP$17*100) -> 68 | CU34: =IF('Midterm OVPAA-F-INS-055A RAW SC'!CQ34="","",'Midterm OVPAA-F-INS-055A RAW SC'!CQ34/'Midterm OVPAA-F-INS-055A RAW SC'!CQ$17*100) | CV34: =IF('Midterm OVPAA-F-INS-055A RAW SC'!CR34="","",'Midterm OVPAA-F-INS-055A RAW SC'!CR34/'Midterm OVPAA-F-INS-055A RAW SC'!CR$17*100) | CW34: =IF('Midterm OVPAA-F-INS-055A RAW SC'!CS34="","",'Midterm OVPAA-F-INS-055A RAW SC'!CS34/'Midterm OVPAA-F-INS-055A RAW SC'!CS$17*100) | CX34: =IF('Midterm OVPAA-F-INS-055A RAW SC'!CT34="","",'Midterm OVPAA-F-INS-055A RAW SC'!CT34/'Midterm OVPAA-F-INS-055A RAW SC'!CT$17*100) | CY34: =IF('Midterm OVPAA-F-INS-055A RAW SC'!CU34="","",'Midterm OVPAA-F-INS-055A RAW SC'!CU34/'Midterm OVPAA-F-INS-055A RAW SC'!CU$17*100) | CZ34: =IF('Midterm OVPAA-F-INS-055A RAW SC'!CV34="","",'Midterm OVPAA-F-INS-055A RAW SC'!CV34/'Midterm OVPAA-F-INS-055A RAW SC'!CV$17*100) | ... DB34: =IF('Midterm OVPAA-F-INS-055A RAW SC'!CX34="","",'Midterm OVPAA-F-INS-055A RAW SC'!CX34/'Midterm OVPAA-F-INS-055A RAW SC'!CX$17*100) | DC34: {=IF('Midterm OVPAA-F-INS-055A RAW SC'!$G34="","",IF((SUMPRODUCT(--ISBLANK('Midterm OVPAA-F-INS-055A RAW SC'!CO34:CX34))=COLUMNS('Midterm OVPAA-F-INS-055A RAW SC'!CO34:CX34))=TRUE,"",(((COUNTA('Midterm OVPAA-F-INS-055A RAW SC'!$CO$17:$CX$17)+COUNTBLANK('Midterm OVPAA-F-INS-055A RAW SC'!CO34:CX34))-COLUMNS('Midterm OVPAA-F-INS-055A RAW SC'!CO34:CX34))*5+SUM(CS34:DB34))/COUNTA('Midterm OVPAA-F-INS-055A RAW SC'!$CO$17:$CX$17)))} -> 70 | DD34: =IF(DC34="","",VLOOKUP(DC34,IF('Midterm OVPAA-F-INS-055A RAW SC'!$V$12=0.5,TRANSMUTATION!$C$4:$D$17,TRANSMUTATION!$G$4:$H$17),2,TRUE)) -> 2.25 | DE34: =IF(BV34="","",(BV34*DE$15)) -> 0.75 | DF34: =IF(CR34="","",(CR34*DF$15)) -> 0.525 | DG34: =IF(DD34="","",(DD34*DG$15)) -> 0.9 | DH34: =IF($DF$15="",IF(OR(DE34="",DG34="")=TRUE,"",(SUM(DE34:DG34))),IF(OR(DE34="",DF34="",DG34="")=TRUE,"",(SUM(DE34:DG34)))) -> 2.175 | DI34: =IF(DH34="","",LOOKUP(DH34,{0,1.1251,1.3751,1.6251,1.8751,2.1251,2.3751,2.6251,2.8751,3.1251,3.3751,3.6251},{"1.00","1.25","1.50","1.75","2.00","2.25","2.50","2.75","3.00","3.25","3.50","5.00"})) -> 2.25
E35: 18 | F35: =IF(NOT(ISBLANK('Midterm OVPAA-F-INS-055A RAW SC'!F35)),'Midterm OVPAA-F-INS-055A RAW SC'!F35,"") -> 26 | G35: =IF(NOT(ISBLANK('Midterm OVPAA-F-INS-055A RAW SC'!G35)),'Midterm OVPAA-F-INS-055A RAW SC'!G35,"") -> Publico, Rogelio | H35: =IF('Midterm OVPAA-F-INS-055A RAW SC'!H35="","",'Midterm OVPAA-F-INS-055A RAW SC'!H35/'Midterm OVPAA-F-INS-055A RAW SC'!H$17*100) -> 80 | I35: =IF('Midterm OVPAA-F-INS-055A RAW SC'!I35="","",'Midterm OVPAA-F-INS-055A RAW SC'!I35/'Midterm OVPAA-F-INS-055A RAW SC'!I$17*100) -> 94 | J35: =IF('Midterm OVPAA-F-INS-055A RAW SC'!J35="","",'Midterm OVPAA-F-INS-055A RAW SC'!J35/'Midterm OVPAA-F-INS-055A RAW SC'!J$17*100) -> 84 | K35: =IF('Midterm OVPAA-F-INS-055A RAW SC'!K35="","",'Midterm OVPAA-F-INS-055A RAW SC'!K35/'Midterm OVPAA-F-INS-055A RAW SC'!K$17*100) | L35: =IF('Midterm OVPAA-F-INS-055A RAW SC'!L35="","",'Midterm OVPAA-F-INS-055A RAW SC'!L35/'Midterm OVPAA-F-INS-055A RAW SC'!L$17*100) | M35: =IF('Midterm OVPAA-F-INS-055A RAW SC'!M35="","",'Midterm OVPAA-F-INS-055A RAW SC'!M35/'Midterm OVPAA-F-INS-055A RAW SC'!M$17*100) | N35: =IF('Midterm OVPAA-F-INS-055A RAW SC'!N35="","",'Midterm OVPAA-F-INS-055A RAW SC'!N35/'Midterm OVPAA-F-INS-055A RAW SC'!N$17*100) | O35: =IF('Midterm OVPAA-F-INS-055A RAW SC'!O35="","",'Midterm OVPAA-F-INS-055A RAW SC'!O35/'Midterm OVPAA-F-INS-055A RAW SC'!O$17*100) | ... BT35: =IF('Midterm OVPAA-F-INS-055A RAW SC'!BT35="","",'Midterm OVPAA-F-INS-055A RAW SC'!BT35/'Midterm OVPAA-F-INS-055A RAW SC'!BT$17*100) | BU35: {=IF('Midterm OVPAA-F-INS-055A RAW SC'!$G35="","",IF((SUMPRODUCT(--ISBLANK('Midterm OVPAA-F-INS-055A RAW SC'!H35:BT35))=COLUMNS('Midterm OVPAA-F-INS-055A RAW SC'!H35:BT35))=TRUE,"",(((COUNTA('Midterm OVPAA-F-INS-055A RAW SC'!$H$17:$BT$17)+COUNTBLANK('Midterm OVPAA-F-INS-055A RAW SC'!H35:BT35))-COLUMNS('Midterm OVPAA-F-INS-055A RAW SC'!H35:BT35))*5+SUM(H35:BT35))/COUNTA('Midterm OVPAA-F-INS-055A RAW SC'!$H$17:$BT$17)))} -> 86 | BV35: =IF(BU35="","",VLOOKUP(BU35,IF('Midterm OVPAA-F-INS-055A RAW SC'!$V$12=0.5,TRANSMUTATION!$C$4:$D$17,TRANSMUTATION!$G$4:$H$17),2,TRUE)) -> 1.5 | BW35: =IF('Midterm OVPAA-F-INS-055A RAW SC'!BU35="","",'Midterm OVPAA-F-INS-055A RAW SC'!BU35/'Midterm OVPAA-F-INS-055A RAW SC'!BU$17*100) -> 80 | BX35: =IF('Midterm OVPAA-F-INS-055A RAW SC'!BV35="","",'Midterm OVPAA-F-INS-055A RAW SC'!BV35/'Midterm OVPAA-F-INS-055A RAW SC'!BV$17*100) -> 100 | BY35: =IF('Midterm OVPAA-F-INS-055A RAW SC'!BW35="","",'Midterm OVPAA-F-INS-055A RAW SC'!BW35/'Midterm OVPAA-F-INS-055A RAW SC'!BW$17*100) -> 100 | BZ35: =IF('Midterm OVPAA-F-INS-055A RAW SC'!BX35="","",'Midterm OVPAA-F-INS-055A RAW SC'!BX35/'Midterm OVPAA-F-INS-055A RAW SC'!BX$17*100) | CA35: =IF('Midterm OVPAA-F-INS-055A RAW SC'!BY35="","",'Midterm OVPAA-F-INS-055A RAW SC'!BY35/'Midterm OVPAA-F-INS-055A RAW SC'!BY$17*100) | CB35: =IF('Midterm OVPAA-F-INS-055A RAW SC'!BZ35="","",'Midterm OVPAA-F-INS-055A RAW SC'!BZ35/'Midterm OVPAA-F-INS-055A RAW SC'!BZ$17*100) | CC35: =IF('Midterm OVPAA-F-INS-055A RAW SC'!CA35="","",'Midterm OVPAA-F-INS-055A RAW SC'!CA35/'Midterm OVPAA-F-INS-055A RAW SC'!CA$17*100) | CD35: =IF('Midterm OVPAA-F-INS-055A RAW SC'!CB35="","",'Midterm OVPAA-F-INS-055A RAW SC'!CB35/'Midterm OVPAA-F-INS-055A RAW SC'!CB$17*100) | ... CP35: =IF('Midterm OVPAA-F-INS-055A RAW SC'!CN35="","",'Midterm OVPAA-F-INS-055A RAW SC'!CN35/'Midterm OVPAA-F-INS-055A RAW SC'!CN$17*100) | CQ35: {=IF('Midterm OVPAA-F-INS-055A RAW SC'!G35="","",IF((SUMPRODUCT(--ISBLANK('Midterm OVPAA-F-INS-055A RAW SC'!BU35:CN35))=COLUMNS('Midterm OVPAA-F-INS-055A RAW SC'!BU35:CN35))=TRUE,"",(((COUNTA('Midterm OVPAA-F-INS-055A RAW SC'!$BU$17:$CN$17)+COUNTBLANK('Midterm OVPAA-F-INS-055A RAW SC'!BU35:CN35))-COLUMNS('Midterm OVPAA-F-INS-055A RAW SC'!BU35:CN35))*5+SUM(BW35:CP35))/COUNTA('Midterm OVPAA-F-INS-055A RAW SC'!$BU$17:$CN$17)))} -> 93.333333 | CR35: =IF(CQ35="","",VLOOKUP(CQ35,IF('Midterm OVPAA-F-INS-055A RAW SC'!$V$12=0.5,TRANSMUTATION!$C$4:$D$17,TRANSMUTATION!$G$4:$H$17),2,TRUE)) -> 1.25 | CS35: =IF('Midterm OVPAA-F-INS-055A RAW SC'!CO35="","",'Midterm OVPAA-F-INS-055A RAW SC'!CO35/'Midterm OVPAA-F-INS-055A RAW SC'!CO$17*100) -> 92 | CT35: =IF('Midterm OVPAA-F-INS-055A RAW SC'!CP35="","",'Midterm OVPAA-F-INS-055A RAW SC'!CP35/'Midterm OVPAA-F-INS-055A RAW SC'!CP$17*100) -> 94 | CU35: =IF('Midterm OVPAA-F-INS-055A RAW SC'!CQ35="","",'Midterm OVPAA-F-INS-055A RAW SC'!CQ35/'Midterm OVPAA-F-INS-055A RAW SC'!CQ$17*100) | CV35: =IF('Midterm OVPAA-F-INS-055A RAW SC'!CR35="","",'Midterm OVPAA-F-INS-055A RAW SC'!CR35/'Midterm OVPAA-F-INS-055A RAW SC'!CR$17*100) | CW35: =IF('Midterm OVPAA-F-INS-055A RAW SC'!CS35="","",'Midterm OVPAA-F-INS-055A RAW SC'!CS35/'Midterm OVPAA-F-INS-055A RAW SC'!CS$17*100) | CX35: =IF('Midterm OVPAA-F-INS-055A RAW SC'!CT35="","",'Midterm OVPAA-F-INS-055A RAW SC'!CT35/'Midterm OVPAA-F-INS-055A RAW SC'!CT$17*100) | CY35: =IF('Midterm OVPAA-F-INS-055A RAW SC'!CU35="","",'Midterm OVPAA-F-INS-055A RAW SC'!CU35/'Midterm OVPAA-F-INS-055A RAW SC'!CU$17*100) | CZ35: =IF('Midterm OVPAA-F-INS-055A RAW SC'!CV35="","",'Midterm OVPAA-F-INS-055A RAW SC'!CV35/'Midterm OVPAA-F-INS-055A RAW SC'!CV$17*100) | ... DB35: =IF('Midterm OVPAA-F-INS-055A RAW SC'!CX35="","",'Midterm OVPAA-F-INS-055A RAW SC'!CX35/'Midterm OVPAA-F-INS-055A RAW SC'!CX$17*100) | DC35: {=IF('Midterm OVPAA-F-INS-055A RAW SC'!$G35="","",IF((SUMPRODUCT(--ISBLANK('Midterm OVPAA-F-INS-055A RAW SC'!CO35:CX35))=COLUMNS('Midterm OVPAA-F-INS-055A RAW SC'!CO35:CX35))=TRUE,"",(((COUNTA('Midterm OVPAA-F-INS-055A RAW SC'!$CO$17:$CX$17)+COUNTBLANK('Midterm OVPAA-F-INS-055A RAW SC'!CO35:CX35))-COLUMNS('Midterm OVPAA-F-INS-055A RAW SC'!CO35:CX35))*5+SUM(CS35:DB35))/COUNTA('Midterm OVPAA-F-INS-055A RAW SC'!$CO$17:$CX$17)))} -> 93 | DD35: =IF(DC35="","",VLOOKUP(DC35,IF('Midterm OVPAA-F-INS-055A RAW SC'!$V$12=0.5,TRANSMUTATION!$C$4:$D$17,TRANSMUTATION!$G$4:$H$17),2,TRUE)) -> 1.25 | DE35: =IF(BV35="","",(BV35*DE$15)) -> 0.45 | DF35: =IF(CR35="","",(CR35*DF$15)) -> 0.375 | DG35: =IF(DD35="","",(DD35*DG$15)) -> 0.5 | DH35: =IF($DF$15="",IF(OR(DE35="",DG35="")=TRUE,"",(SUM(DE35:DG35))),IF(OR(DE35="",DF35="",DG35="")=TRUE,"",(SUM(DE35:DG35)))) -> 1.325 | DI35: =IF(DH35="","",LOOKUP(DH35,{0,1.1251,1.3751,1.6251,1.8751,2.1251,2.3751,2.6251,2.8751,3.1251,3.3751,3.6251},{"1.00","1.25","1.50","1.75","2.00","2.25","2.50","2.75","3.00","3.25","3.50","5.00"})) -> 1.25
E36: 19 | F36: =IF(NOT(ISBLANK('Midterm OVPAA-F-INS-055A RAW SC'!F36)),'Midterm OVPAA-F-INS-055A RAW SC'!F36,"") -> 27 | G36: =IF(NOT(ISBLANK('Midterm OVPAA-F-INS-055A RAW SC'!G36)),'Midterm OVPAA-F-INS-055A RAW SC'!G36,"") -> Rivera, Juvel | H36: =IF('Midterm OVPAA-F-INS-055A RAW SC'!H36="","",'Midterm OVPAA-F-INS-055A RAW SC'!H36/'Midterm OVPAA-F-INS-055A RAW SC'!H$17*100) -> 72 | I36: =IF('Midterm OVPAA-F-INS-055A RAW SC'!I36="","",'Midterm OVPAA-F-INS-055A RAW SC'!I36/'Midterm OVPAA-F-INS-055A RAW SC'!I$17*100) -> 90 | J36: =IF('Midterm OVPAA-F-INS-055A RAW SC'!J36="","",'Midterm OVPAA-F-INS-055A RAW SC'!J36/'Midterm OVPAA-F-INS-055A RAW SC'!J$17*100) -> 100 | K36: =IF('Midterm OVPAA-F-INS-055A RAW SC'!K36="","",'Midterm OVPAA-F-INS-055A RAW SC'!K36/'Midterm OVPAA-F-INS-055A RAW SC'!K$17*100) | L36: =IF('Midterm OVPAA-F-INS-055A RAW SC'!L36="","",'Midterm OVPAA-F-INS-055A RAW SC'!L36/'Midterm OVPAA-F-INS-055A RAW SC'!L$17*100) | M36: =IF('Midterm OVPAA-F-INS-055A RAW SC'!M36="","",'Midterm OVPAA-F-INS-055A RAW SC'!M36/'Midterm OVPAA-F-INS-055A RAW SC'!M$17*100) | N36: =IF('Midterm OVPAA-F-INS-055A RAW SC'!N36="","",'Midterm OVPAA-F-INS-055A RAW SC'!N36/'Midterm OVPAA-F-INS-055A RAW SC'!N$17*100) | O36: =IF('Midterm OVPAA-F-INS-055A RAW SC'!O36="","",'Midterm OVPAA-F-INS-055A RAW SC'!O36/'Midterm OVPAA-F-INS-055A RAW SC'!O$17*100) | ... BT36: =IF('Midterm OVPAA-F-INS-055A RAW SC'!BT36="","",'Midterm OVPAA-F-INS-055A RAW SC'!BT36/'Midterm OVPAA-F-INS-055A RAW SC'!BT$17*100) | BU36: {=IF('Midterm OVPAA-F-INS-055A RAW SC'!$G36="","",IF((SUMPRODUCT(--ISBLANK('Midterm OVPAA-F-INS-055A RAW SC'!H36:BT36))=COLUMNS('Midterm OVPAA-F-INS-055A RAW SC'!H36:BT36))=TRUE,"",(((COUNTA('Midterm OVPAA-F-INS-055A RAW SC'!$H$17:$BT$17)+COUNTBLANK('Midterm OVPAA-F-INS-055A RAW SC'!H36:BT36))-COLUMNS('Midterm OVPAA-F-INS-055A RAW SC'!H36:BT36))*5+SUM(H36:BT36))/COUNTA('Midterm OVPAA-F-INS-055A RAW SC'!$H$17:$BT$17)))} -> 87.333333 | BV36: =IF(BU36="","",VLOOKUP(BU36,IF('Midterm OVPAA-F-INS-055A RAW SC'!$V$12=0.5,TRANSMUTATION!$C$4:$D$17,TRANSMUTATION!$G$4:$H$17),2,TRUE)) -> 1.5 | BW36: =IF('Midterm OVPAA-F-INS-055A RAW SC'!BU36="","",'Midterm OVPAA-F-INS-055A RAW SC'!BU36/'Midterm OVPAA-F-INS-055A RAW SC'!BU$17*100) -> 72 | BX36: =IF('Midterm OVPAA-F-INS-055A RAW SC'!BV36="","",'Midterm OVPAA-F-INS-055A RAW SC'!BV36/'Midterm OVPAA-F-INS-055A RAW SC'!BV$17*100) -> 100 | BY36: =IF('Midterm OVPAA-F-INS-055A RAW SC'!BW36="","",'Midterm OVPAA-F-INS-055A RAW SC'!BW36/'Midterm OVPAA-F-INS-055A RAW SC'!BW$17*100) -> 80 | BZ36: =IF('Midterm OVPAA-F-INS-055A RAW SC'!BX36="","",'Midterm OVPAA-F-INS-055A RAW SC'!BX36/'Midterm OVPAA-F-INS-055A RAW SC'!BX$17*100) | CA36: =IF('Midterm OVPAA-F-INS-055A RAW SC'!BY36="","",'Midterm OVPAA-F-INS-055A RAW SC'!BY36/'Midterm OVPAA-F-INS-055A RAW SC'!BY$17*100) | CB36: =IF('Midterm OVPAA-F-INS-055A RAW SC'!BZ36="","",'Midterm OVPAA-F-INS-055A RAW SC'!BZ36/'Midterm OVPAA-F-INS-055A RAW SC'!BZ$17*100) | CC36: =IF('Midterm OVPAA-F-INS-055A RAW SC'!CA36="","",'Midterm OVPAA-F-INS-055A RAW SC'!CA36/'Midterm OVPAA-F-INS-055A RAW SC'!CA$17*100) | CD36: =IF('Midterm OVPAA-F-INS-055A RAW SC'!CB36="","",'Midterm OVPAA-F-INS-055A RAW SC'!CB36/'Midterm OVPAA-F-INS-055A RAW SC'!CB$17*100) | ... CP36: =IF('Midterm OVPAA-F-INS-055A RAW SC'!CN36="","",'Midterm OVPAA-F-INS-055A RAW SC'!CN36/'Midterm OVPAA-F-INS-055A RAW SC'!CN$17*100) | CQ36: {=IF('Midterm OVPAA-F-INS-055A RAW SC'!G36="","",IF((SUMPRODUCT(--ISBLANK('Midterm OVPAA-F-INS-055A RAW SC'!BU36:CN36))=COLUMNS('Midterm OVPAA-F-INS-055A RAW SC'!BU36:CN36))=TRUE,"",(((COUNTA('Midterm OVPAA-F-INS-055A RAW SC'!$BU$17:$CN$17)+COUNTBLANK('Midterm OVPAA-F-INS-055A RAW SC'!BU36:CN36))-COLUMNS('Midterm OVPAA-F-INS-055A RAW SC'!BU36:CN36))*5+SUM(BW36:CP36))/COUNTA('Midterm OVPAA-F-INS-055A RAW SC'!$BU$17:$CN$17)))} -> 84 | CR36: =IF(CQ36="","",VLOOKUP(CQ36,IF('Midterm OVPAA-F-INS-055A RAW SC'!$V$12=0.5,TRANSMUTATION!$C$4:$D$17,TRANSMUTATION!$G$4:$H$17),2,TRUE)) -> 1.75 | CS36: =IF('Midterm OVPAA-F-INS-055A RAW SC'!CO36="","",'Midterm OVPAA-F-INS-055A RAW SC'!CO36/'Midterm OVPAA-F-INS-055A RAW SC'!CO$17*100) -> 72 | CT36: =IF('Midterm OVPAA-F-INS-055A RAW SC'!CP36="","",'Midterm OVPAA-F-INS-055A RAW SC'!CP36/'Midterm OVPAA-F-INS-055A RAW SC'!CP$17*100) -> 68 | CU36: =IF('Midterm OVPAA-F-INS-055A RAW SC'!CQ36="","",'Midterm OVPAA-F-INS-055A RAW SC'!CQ36/'Midterm OVPAA-F-INS-055A RAW SC'!CQ$17*100) | CV36: =IF('Midterm OVPAA-F-INS-055A RAW SC'!CR36="","",'Midterm OVPAA-F-INS-055A RAW SC'!CR36/'Midterm OVPAA-F-INS-055A RAW SC'!CR$17*100) | CW36: =IF('Midterm OVPAA-F-INS-055A RAW SC'!CS36="","",'Midterm OVPAA-F-INS-055A RAW SC'!CS36/'Midterm OVPAA-F-INS-055A RAW SC'!CS$17*100) | CX36: =IF('Midterm OVPAA-F-INS-055A RAW SC'!CT36="","",'Midterm OVPAA-F-INS-055A RAW SC'!CT36/'Midterm OVPAA-F-INS-055A RAW SC'!CT$17*100) | CY36: =IF('Midterm OVPAA-F-INS-055A RAW SC'!CU36="","",'Midterm OVPAA-F-INS-055A RAW SC'!CU36/'Midterm OVPAA-F-INS-055A RAW SC'!CU$17*100) | CZ36: =IF('Midterm OVPAA-F-INS-055A RAW SC'!CV36="","",'Midterm OVPAA-F-INS-055A RAW SC'!CV36/'Midterm OVPAA-F-INS-055A RAW SC'!CV$17*100) | ... DB36: =IF('Midterm OVPAA-F-INS-055A RAW SC'!CX36="","",'Midterm OVPAA-F-INS-055A RAW SC'!CX36/'Midterm OVPAA-F-INS-055A RAW SC'!CX$17*100) | DC36: {=IF('Midterm OVPAA-F-INS-055A RAW SC'!$G36="","",IF((SUMPRODUCT(--ISBLANK('Midterm OVPAA-F-INS-055A RAW SC'!CO36:CX36))=COLUMNS('Midterm OVPAA-F-INS-055A RAW SC'!CO36:CX36))=TRUE,"",(((COUNTA('Midterm OVPAA-F-INS-055A RAW SC'!$CO$17:$CX$17)+COUNTBLANK('Midterm OVPAA-F-INS-055A RAW SC'!CO36:CX36))-COLUMNS('Midterm OVPAA-F-INS-055A RAW SC'!CO36:CX36))*5+SUM(CS36:DB36))/COUNTA('Midterm OVPAA-F-INS-055A RAW SC'!$CO$17:$CX$17)))} -> 70 | DD36: =IF(DC36="","",VLOOKUP(DC36,IF('Midterm OVPAA-F-INS-055A RAW SC'!$V$12=0.5,TRANSMUTATION!$C$4:$D$17,TRANSMUTATION!$G$4:$H$17),2,TRUE)) -> 2.25 | DE36: =IF(BV36="","",(BV36*DE$15)) -> 0.45 | DF36: =IF(CR36="","",(CR36*DF$15)) -> 0.525 | DG36: =IF(DD36="","",(DD36*DG$15)) -> 0.9 | DH36: =IF($DF$15="",IF(OR(DE36="",DG36="")=TRUE,"",(SUM(DE36:DG36))),IF(OR(DE36="",DF36="",DG36="")=TRUE,"",(SUM(DE36:DG36)))) -> 1.875 | DI36: =IF(DH36="","",LOOKUP(DH36,{0,1.1251,1.3751,1.6251,1.8751,2.1251,2.3751,2.6251,2.8751,3.1251,3.3751,3.6251},{"1.00","1.25","1.50","1.75","2.00","2.25","2.50","2.75","3.00","3.25","3.50","5.00"})) -> 1.75
E37: 20 | F37: =IF(NOT(ISBLANK('Midterm OVPAA-F-INS-055A RAW SC'!F37)),'Midterm OVPAA-F-INS-055A RAW SC'!F37,"") -> 28 | G37: =IF(NOT(ISBLANK('Midterm OVPAA-F-INS-055A RAW SC'!G37)),'Midterm OVPAA-F-INS-055A RAW SC'!G37,"") -> Rubio, Pia Pilar | H37: =IF('Midterm OVPAA-F-INS-055A RAW SC'!H37="","",'Midterm OVPAA-F-INS-055A RAW SC'!H37/'Midterm OVPAA-F-INS-055A RAW SC'!H$17*100) -> 70 | I37: =IF('Midterm OVPAA-F-INS-055A RAW SC'!I37="","",'Midterm OVPAA-F-INS-055A RAW SC'!I37/'Midterm OVPAA-F-INS-055A RAW SC'!I$17*100) -> 92 | J37: =IF('Midterm OVPAA-F-INS-055A RAW SC'!J37="","",'Midterm OVPAA-F-INS-055A RAW SC'!J37/'Midterm OVPAA-F-INS-055A RAW SC'!J$17*100) -> 86 | K37: =IF('Midterm OVPAA-F-INS-055A RAW SC'!K37="","",'Midterm OVPAA-F-INS-055A RAW SC'!K37/'Midterm OVPAA-F-INS-055A RAW SC'!K$17*100) | L37: =IF('Midterm OVPAA-F-INS-055A RAW SC'!L37="","",'Midterm OVPAA-F-INS-055A RAW SC'!L37/'Midterm OVPAA-F-INS-055A RAW SC'!L$17*100) | M37: =IF('Midterm OVPAA-F-INS-055A RAW SC'!M37="","",'Midterm OVPAA-F-INS-055A RAW SC'!M37/'Midterm OVPAA-F-INS-055A RAW SC'!M$17*100) | N37: =IF('Midterm OVPAA-F-INS-055A RAW SC'!N37="","",'Midterm OVPAA-F-INS-055A RAW SC'!N37/'Midterm OVPAA-F-INS-055A RAW SC'!N$17*100) | O37: =IF('Midterm OVPAA-F-INS-055A RAW SC'!O37="","",'Midterm OVPAA-F-INS-055A RAW SC'!O37/'Midterm OVPAA-F-INS-055A RAW SC'!O$17*100) | ... BT37: =IF('Midterm OVPAA-F-INS-055A RAW SC'!BT37="","",'Midterm OVPAA-F-INS-055A RAW SC'!BT37/'Midterm OVPAA-F-INS-055A RAW SC'!BT$17*100) | BU37: {=IF('Midterm OVPAA-F-INS-055A RAW SC'!$G37="","",IF((SUMPRODUCT(--ISBLANK('Midterm OVPAA-F-INS-055A RAW SC'!H37:BT37))=COLUMNS('Midterm OVPAA-F-INS-055A RAW SC'!H37:BT37))=TRUE,"",(((COUNTA('Midterm OVPAA-F-INS-055A RAW SC'!$H$17:$BT$17)+COUNTBLANK('Midterm OVPAA-F-INS-055A RAW SC'!H37:BT37))-COLUMNS('Midterm OVPAA-F-INS-055A RAW SC'!H37:BT37))*5+SUM(H37:BT37))/COUNTA('Midterm OVPAA-F-INS-055A RAW SC'!$H$17:$BT$17)))} -> 82.666667 | BV37: =IF(BU37="","",VLOOKUP(BU37,IF('Midterm OVPAA-F-INS-055A RAW SC'!$V$12=0.5,TRANSMUTATION!$C$4:$D$17,TRANSMUTATION!$G$4:$H$17),2,TRUE)) -> 1.75 | BW37: =IF('Midterm OVPAA-F-INS-055A RAW SC'!BU37="","",'Midterm OVPAA-F-INS-055A RAW SC'!BU37/'Midterm OVPAA-F-INS-055A RAW SC'!BU$17*100) -> 70 | BX37: =IF('Midterm OVPAA-F-INS-055A RAW SC'!BV37="","",'Midterm OVPAA-F-INS-055A RAW SC'!BV37/'Midterm OVPAA-F-INS-055A RAW SC'!BV$17*100) -> 100 | BY37: =IF('Midterm OVPAA-F-INS-055A RAW SC'!BW37="","",'Midterm OVPAA-F-INS-055A RAW SC'!BW37/'Midterm OVPAA-F-INS-055A RAW SC'!BW$17*100) -> 100 | BZ37: =IF('Midterm OVPAA-F-INS-055A RAW SC'!BX37="","",'Midterm OVPAA-F-INS-055A RAW SC'!BX37/'Midterm OVPAA-F-INS-055A RAW SC'!BX$17*100) | CA37: =IF('Midterm OVPAA-F-INS-055A RAW SC'!BY37="","",'Midterm OVPAA-F-INS-055A RAW SC'!BY37/'Midterm OVPAA-F-INS-055A RAW SC'!BY$17*100) | CB37: =IF('Midterm OVPAA-F-INS-055A RAW SC'!BZ37="","",'Midterm OVPAA-F-INS-055A RAW SC'!BZ37/'Midterm OVPAA-F-INS-055A RAW SC'!BZ$17*100) | CC37: =IF('Midterm OVPAA-F-INS-055A RAW SC'!CA37="","",'Midterm OVPAA-F-INS-055A RAW SC'!CA37/'Midterm OVPAA-F-INS-055A RAW SC'!CA$17*100) | CD37: =IF('Midterm OVPAA-F-INS-055A RAW SC'!CB37="","",'Midterm OVPAA-F-INS-055A RAW SC'!CB37/'Midterm OVPAA-F-INS-055A RAW SC'!CB$17*100) | ... CP37: =IF('Midterm OVPAA-F-INS-055A RAW SC'!CN37="","",'Midterm OVPAA-F-INS-055A RAW SC'!CN37/'Midterm OVPAA-F-INS-055A RAW SC'!CN$17*100) | CQ37: {=IF('Midterm OVPAA-F-INS-055A RAW SC'!G37="","",IF((SUMPRODUCT(--ISBLANK('Midterm OVPAA-F-INS-055A RAW SC'!BU37:CN37))=COLUMNS('Midterm OVPAA-F-INS-055A RAW SC'!BU37:CN37))=TRUE,"",(((COUNTA('Midterm OVPAA-F-INS-055A RAW SC'!$BU$17:$CN$17)+COUNTBLANK('Midterm OVPAA-F-INS-055A RAW SC'!BU37:CN37))-COLUMNS('Midterm OVPAA-F-INS-055A RAW SC'!BU37:CN37))*5+SUM(BW37:CP37))/COUNTA('Midterm OVPAA-F-INS-055A RAW SC'!$BU$17:$CN$17)))} -> 90 | CR37: =IF(CQ37="","",VLOOKUP(CQ37,IF('Midterm OVPAA-F-INS-055A RAW SC'!$V$12=0.5,TRANSMUTATION!$C$4:$D$17,TRANSMUTATION!$G$4:$H$17),2,TRUE)) -> 1.5 | CS37: =IF('Midterm OVPAA-F-INS-055A RAW SC'!CO37="","",'Midterm OVPAA-F-INS-055A RAW SC'!CO37/'Midterm OVPAA-F-INS-055A RAW SC'!CO$17*100) -> 76 | CT37: =IF('Midterm OVPAA-F-INS-055A RAW SC'!CP37="","",'Midterm OVPAA-F-INS-055A RAW SC'!CP37/'Midterm OVPAA-F-INS-055A RAW SC'!CP$17*100) -> 90 | CU37: =IF('Midterm OVPAA-F-INS-055A RAW SC'!CQ37="","",'Midterm OVPAA-F-INS-055A RAW SC'!CQ37/'Midterm OVPAA-F-INS-055A RAW SC'!CQ$17*100) | CV37: =IF('Midterm OVPAA-F-INS-055A RAW SC'!CR37="","",'Midterm OVPAA-F-INS-055A RAW SC'!CR37/'Midterm OVPAA-F-INS-055A RAW SC'!CR$17*100) | CW37: =IF('Midterm OVPAA-F-INS-055A RAW SC'!CS37="","",'Midterm OVPAA-F-INS-055A RAW SC'!CS37/'Midterm OVPAA-F-INS-055A RAW SC'!CS$17*100) | CX37: =IF('Midterm OVPAA-F-INS-055A RAW SC'!CT37="","",'Midterm OVPAA-F-INS-055A RAW SC'!CT37/'Midterm OVPAA-F-INS-055A RAW SC'!CT$17*100) | CY37: =IF('Midterm OVPAA-F-INS-055A RAW SC'!CU37="","",'Midterm OVPAA-F-INS-055A RAW SC'!CU37/'Midterm OVPAA-F-INS-055A RAW SC'!CU$17*100) | CZ37: =IF('Midterm OVPAA-F-INS-055A RAW SC'!CV37="","",'Midterm OVPAA-F-INS-055A RAW SC'!CV37/'Midterm OVPAA-F-INS-055A RAW SC'!CV$17*100) | ... DB37: =IF('Midterm OVPAA-F-INS-055A RAW SC'!CX37="","",'Midterm OVPAA-F-INS-055A RAW SC'!CX37/'Midterm OVPAA-F-INS-055A RAW SC'!CX$17*100) | DC37: {=IF('Midterm OVPAA-F-INS-055A RAW SC'!$G37="","",IF((SUMPRODUCT(--ISBLANK('Midterm OVPAA-F-INS-055A RAW SC'!CO37:CX37))=COLUMNS('Midterm OVPAA-F-INS-055A RAW SC'!CO37:CX37))=TRUE,"",(((COUNTA('Midterm OVPAA-F-INS-055A RAW SC'!$CO$17:$CX$17)+COUNTBLANK('Midterm OVPAA-F-INS-055A RAW SC'!CO37:CX37))-COLUMNS('Midterm OVPAA-F-INS-055A RAW SC'!CO37:CX37))*5+SUM(CS37:DB37))/COUNTA('Midterm OVPAA-F-INS-055A RAW SC'!$CO$17:$CX$17)))} -> 83 | DD37: =IF(DC37="","",VLOOKUP(DC37,IF('Midterm OVPAA-F-INS-055A RAW SC'!$V$12=0.5,TRANSMUTATION!$C$4:$D$17,TRANSMUTATION!$G$4:$H$17),2,TRUE)) -> 1.75 | DE37: =IF(BV37="","",(BV37*DE$15)) -> 0.525 | DF37: =IF(CR37="","",(CR37*DF$15)) -> 0.45 | DG37: =IF(DD37="","",(DD37*DG$15)) -> 0.7 | DH37: =IF($DF$15="",IF(OR(DE37="",DG37="")=TRUE,"",(SUM(DE37:DG37))),IF(OR(DE37="",DF37="",DG37="")=TRUE,"",(SUM(DE37:DG37)))) -> 1.675 | DI37: =IF(DH37="","",LOOKUP(DH37,{0,1.1251,1.3751,1.6251,1.8751,2.1251,2.3751,2.6251,2.8751,3.1251,3.3751,3.6251},{"1.00","1.25","1.50","1.75","2.00","2.25","2.50","2.75","3.00","3.25","3.50","5.00"})) -> 1.75
E38: 21 | F38: =IF(NOT(ISBLANK('Midterm OVPAA-F-INS-055A RAW SC'!F38)),'Midterm OVPAA-F-INS-055A RAW SC'!F38,"") -> 29 | G38: =IF(NOT(ISBLANK('Midterm OVPAA-F-INS-055A RAW SC'!G38)),'Midterm OVPAA-F-INS-055A RAW SC'!G38,"") -> Salto, Mary Natalie | H38: =IF('Midterm OVPAA-F-INS-055A RAW SC'!H38="","",'Midterm OVPAA-F-INS-055A RAW SC'!H38/'Midterm OVPAA-F-INS-055A RAW SC'!H$17*100) -> 94 | I38: =IF('Midterm OVPAA-F-INS-055A RAW SC'!I38="","",'Midterm OVPAA-F-INS-055A RAW SC'!I38/'Midterm OVPAA-F-INS-055A RAW SC'!I$17*100) -> 93 | J38: =IF('Midterm OVPAA-F-INS-055A RAW SC'!J38="","",'Midterm OVPAA-F-INS-055A RAW SC'!J38/'Midterm OVPAA-F-INS-055A RAW SC'!J$17*100) -> 88 | K38: =IF('Midterm OVPAA-F-INS-055A RAW SC'!K38="","",'Midterm OVPAA-F-INS-055A RAW SC'!K38/'Midterm OVPAA-F-INS-055A RAW SC'!K$17*100) | L38: =IF('Midterm OVPAA-F-INS-055A RAW SC'!L38="","",'Midterm OVPAA-F-INS-055A RAW SC'!L38/'Midterm OVPAA-F-INS-055A RAW SC'!L$17*100) | M38: =IF('Midterm OVPAA-F-INS-055A RAW SC'!M38="","",'Midterm OVPAA-F-INS-055A RAW SC'!M38/'Midterm OVPAA-F-INS-055A RAW SC'!M$17*100) | N38: =IF('Midterm OVPAA-F-INS-055A RAW SC'!N38="","",'Midterm OVPAA-F-INS-055A RAW SC'!N38/'Midterm OVPAA-F-INS-055A RAW SC'!N$17*100) | O38: =IF('Midterm OVPAA-F-INS-055A RAW SC'!O38="","",'Midterm OVPAA-F-INS-055A RAW SC'!O38/'Midterm OVPAA-F-INS-055A RAW SC'!O$17*100) | ... BT38: =IF('Midterm OVPAA-F-INS-055A RAW SC'!BT38="","",'Midterm OVPAA-F-INS-055A RAW SC'!BT38/'Midterm OVPAA-F-INS-055A RAW SC'!BT$17*100) | BU38: {=IF('Midterm OVPAA-F-INS-055A RAW SC'!$G38="","",IF((SUMPRODUCT(--ISBLANK('Midterm OVPAA-F-INS-055A RAW SC'!H38:BT38))=COLUMNS('Midterm OVPAA-F-INS-055A RAW SC'!H38:BT38))=TRUE,"",(((COUNTA('Midterm OVPAA-F-INS-055A RAW SC'!$H$17:$BT$17)+COUNTBLANK('Midterm OVPAA-F-INS-055A RAW SC'!H38:BT38))-COLUMNS('Midterm OVPAA-F-INS-055A RAW SC'!H38:BT38))*5+SUM(H38:BT38))/COUNTA('Midterm OVPAA-F-INS-055A RAW SC'!$H$17:$BT$17)))} -> 91.666667 | BV38: =IF(BU38="","",VLOOKUP(BU38,IF('Midterm OVPAA-F-INS-055A RAW SC'!$V$12=0.5,TRANSMUTATION!$C$4:$D$17,TRANSMUTATION!$G$4:$H$17),2,TRUE)) -> 1.25 | BW38: =IF('Midterm OVPAA-F-INS-055A RAW SC'!BU38="","",'Midterm OVPAA-F-INS-055A RAW SC'!BU38/'Midterm OVPAA-F-INS-055A RAW SC'!BU$17*100) -> 94 | BX38: =IF('Midterm OVPAA-F-INS-055A RAW SC'!BV38="","",'Midterm OVPAA-F-INS-055A RAW SC'!BV38/'Midterm OVPAA-F-INS-055A RAW SC'!BV$17*100) -> 100 | BY38: =IF('Midterm OVPAA-F-INS-055A RAW SC'!BW38="","",'Midterm OVPAA-F-INS-055A RAW SC'!BW38/'Midterm OVPAA-F-INS-055A RAW SC'!BW$17*100) -> 100 | BZ38: =IF('Midterm OVPAA-F-INS-055A RAW SC'!BX38="","",'Midterm OVPAA-F-INS-055A RAW SC'!BX38/'Midterm OVPAA-F-INS-055A RAW SC'!BX$17*100) | CA38: =IF('Midterm OVPAA-F-INS-055A RAW SC'!BY38="","",'Midterm OVPAA-F-INS-055A RAW SC'!BY38/'Midterm OVPAA-F-INS-055A RAW SC'!BY$17*100) | CB38: =IF('Midterm OVPAA-F-INS-055A RAW SC'!BZ38="","",'Midterm OVPAA-F-INS-055A RAW SC'!BZ38/'Midterm OVPAA-F-INS-055A RAW SC'!BZ$17*100) | CC38: =IF('Midterm OVPAA-F-INS-055A RAW SC'!CA38="","",'Midterm OVPAA-F-INS-055A RAW SC'!CA38/'Midterm OVPAA-F-INS-055A RAW SC'!CA$17*100) | CD38: =IF('Midterm OVPAA-F-INS-055A RAW SC'!CB38="","",'Midterm OVPAA-F-INS-055A RAW SC'!CB38/'Midterm OVPAA-F-INS-055A RAW SC'!CB$17*100) | ... CP38: =IF('Midterm OVPAA-F-INS-055A RAW SC'!CN38="","",'Midterm OVPAA-F-INS-055A RAW SC'!CN38/'Midterm OVPAA-F-INS-055A RAW SC'!CN$17*100) | CQ38: {=IF('Midterm OVPAA-F-INS-055A RAW SC'!G38="","",IF((SUMPRODUCT(--ISBLANK('Midterm OVPAA-F-INS-055A RAW SC'!BU38:CN38))=COLUMNS('Midterm OVPAA-F-INS-055A RAW SC'!BU38:CN38))=TRUE,"",(((COUNTA('Midterm OVPAA-F-INS-055A RAW SC'!$BU$17:$CN$17)+COUNTBLANK('Midterm OVPAA-F-INS-055A RAW SC'!BU38:CN38))-COLUMNS('Midterm OVPAA-F-INS-055A RAW SC'!BU38:CN38))*5+SUM(BW38:CP38))/COUNTA('Midterm OVPAA-F-INS-055A RAW SC'!$BU$17:$CN$17)))} -> 98 | CR38: =IF(CQ38="","",VLOOKUP(CQ38,IF('Midterm OVPAA-F-INS-055A RAW SC'!$V$12=0.5,TRANSMUTATION!$C$4:$D$17,TRANSMUTATION!$G$4:$H$17),2,TRUE)) -> 1 | CS38: =IF('Midterm OVPAA-F-INS-055A RAW SC'!CO38="","",'Midterm OVPAA-F-INS-055A RAW SC'!CO38/'Midterm OVPAA-F-INS-055A RAW SC'!CO$17*100) -> 94 | CT38: =IF('Midterm OVPAA-F-INS-055A RAW SC'!CP38="","",'Midterm OVPAA-F-INS-055A RAW SC'!CP38/'Midterm OVPAA-F-INS-055A RAW SC'!CP$17*100) -> 84 | CU38: =IF('Midterm OVPAA-F-INS-055A RAW SC'!CQ38="","",'Midterm OVPAA-F-INS-055A RAW SC'!CQ38/'Midterm OVPAA-F-INS-055A RAW SC'!CQ$17*100) | CV38: =IF('Midterm OVPAA-F-INS-055A RAW SC'!CR38="","",'Midterm OVPAA-F-INS-055A RAW SC'!CR38/'Midterm OVPAA-F-INS-055A RAW SC'!CR$17*100) | CW38: =IF('Midterm OVPAA-F-INS-055A RAW SC'!CS38="","",'Midterm OVPAA-F-INS-055A RAW SC'!CS38/'Midterm OVPAA-F-INS-055A RAW SC'!CS$17*100) | CX38: =IF('Midterm OVPAA-F-INS-055A RAW SC'!CT38="","",'Midterm OVPAA-F-INS-055A RAW SC'!CT38/'Midterm OVPAA-F-INS-055A RAW SC'!CT$17*100) | CY38: =IF('Midterm OVPAA-F-INS-055A RAW SC'!CU38="","",'Midterm OVPAA-F-INS-055A RAW SC'!CU38/'Midterm OVPAA-F-INS-055A RAW SC'!CU$17*100) | CZ38: =IF('Midterm OVPAA-F-INS-055A RAW SC'!CV38="","",'Midterm OVPAA-F-INS-055A RAW SC'!CV38/'Midterm OVPAA-F-INS-055A RAW SC'!CV$17*100) | ... DB38: =IF('Midterm OVPAA-F-INS-055A RAW SC'!CX38="","",'Midterm OVPAA-F-INS-055A RAW SC'!CX38/'Midterm OVPAA-F-INS-055A RAW SC'!CX$17*100) | DC38: {=IF('Midterm OVPAA-F-INS-055A RAW SC'!$G38="","",IF((SUMPRODUCT(--ISBLANK('Midterm OVPAA-F-INS-055A RAW SC'!CO38:CX38))=COLUMNS('Midterm OVPAA-F-INS-055A RAW SC'!CO38:CX38))=TRUE,"",(((COUNTA('Midterm OVPAA-F-INS-055A RAW SC'!$CO$17:$CX$17)+COUNTBLANK('Midterm OVPAA-F-INS-055A RAW SC'!CO38:CX38))-COLUMNS('Midterm OVPAA-F-INS-055A RAW SC'!CO38:CX38))*5+SUM(CS38:DB38))/COUNTA('Midterm OVPAA-F-INS-055A RAW SC'!$CO$17:$CX$17)))} -> 89 | DD38: =IF(DC38="","",VLOOKUP(DC38,IF('Midterm OVPAA-F-INS-055A RAW SC'!$V$12=0.5,TRANSMUTATION!$C$4:$D$17,TRANSMUTATION!$G$4:$H$17),2,TRUE)) -> 1.5 | DE38: =IF(BV38="","",(BV38*DE$15)) -> 0.375 | DF38: =IF(CR38="","",(CR38*DF$15)) -> 0.3 | DG38: =IF(DD38="","",(DD38*DG$15)) -> 0.6 | DH38: =IF($DF$15="",IF(OR(DE38="",DG38="")=TRUE,"",(SUM(DE38:DG38))),IF(OR(DE38="",DF38="",DG38="")=TRUE,"",(SUM(DE38:DG38)))) -> 1.275 | DI38: =IF(DH38="","",LOOKUP(DH38,{0,1.1251,1.3751,1.6251,1.8751,2.1251,2.3751,2.6251,2.8751,3.1251,3.3751,3.6251},{"1.00","1.25","1.50","1.75","2.00","2.25","2.50","2.75","3.00","3.25","3.50","5.00"})) -> 1.25
E39: 22 | F39: =IF(NOT(ISBLANK('Midterm OVPAA-F-INS-055A RAW SC'!F39)),'Midterm OVPAA-F-INS-055A RAW SC'!F39,"") -> 30 | G39: =IF(NOT(ISBLANK('Midterm OVPAA-F-INS-055A RAW SC'!G39)),'Midterm OVPAA-F-INS-055A RAW SC'!G39,"") -> Tilanduca, Khiara | H39: =IF('Midterm OVPAA-F-INS-055A RAW SC'!H39="","",'Midterm OVPAA-F-INS-055A RAW SC'!H39/'Midterm OVPAA-F-INS-055A RAW SC'!H$17*100) -> 94 | I39: =IF('Midterm OVPAA-F-INS-055A RAW SC'!I39="","",'Midterm OVPAA-F-INS-055A RAW SC'!I39/'Midterm OVPAA-F-INS-055A RAW SC'!I$17*100) -> 93 | J39: =IF('Midterm OVPAA-F-INS-055A RAW SC'!J39="","",'Midterm OVPAA-F-INS-055A RAW SC'!J39/'Midterm OVPAA-F-INS-055A RAW SC'!J$17*100) -> 88 | K39: =IF('Midterm OVPAA-F-INS-055A RAW SC'!K39="","",'Midterm OVPAA-F-INS-055A RAW SC'!K39/'Midterm OVPAA-F-INS-055A RAW SC'!K$17*100) | L39: =IF('Midterm OVPAA-F-INS-055A RAW SC'!L39="","",'Midterm OVPAA-F-INS-055A RAW SC'!L39/'Midterm OVPAA-F-INS-055A RAW SC'!L$17*100) | M39: =IF('Midterm OVPAA-F-INS-055A RAW SC'!M39="","",'Midterm OVPAA-F-INS-055A RAW SC'!M39/'Midterm OVPAA-F-INS-055A RAW SC'!M$17*100) | N39: =IF('Midterm OVPAA-F-INS-055A RAW SC'!N39="","",'Midterm OVPAA-F-INS-055A RAW SC'!N39/'Midterm OVPAA-F-INS-055A RAW SC'!N$17*100) | O39: =IF('Midterm OVPAA-F-INS-055A RAW SC'!O39="","",'Midterm OVPAA-F-INS-055A RAW SC'!O39/'Midterm OVPAA-F-INS-055A RAW SC'!O$17*100) | ... BT39: =IF('Midterm OVPAA-F-INS-055A RAW SC'!BT39="","",'Midterm OVPAA-F-INS-055A RAW SC'!BT39/'Midterm OVPAA-F-INS-055A RAW SC'!BT$17*100) | BU39: {=IF('Midterm OVPAA-F-INS-055A RAW SC'!$G39="","",IF((SUMPRODUCT(--ISBLANK('Midterm OVPAA-F-INS-055A RAW SC'!H39:BT39))=COLUMNS('Midterm OVPAA-F-INS-055A RAW SC'!H39:BT39))=TRUE,"",(((COUNTA('Midterm OVPAA-F-INS-055A RAW SC'!$H$17:$BT$17)+COUNTBLANK('Midterm OVPAA-F-INS-055A RAW SC'!H39:BT39))-COLUMNS('Midterm OVPAA-F-INS-055A RAW SC'!H39:BT39))*5+SUM(H39:BT39))/COUNTA('Midterm OVPAA-F-INS-055A RAW SC'!$H$17:$BT$17)))} -> 91.666667 | BV39: =IF(BU39="","",VLOOKUP(BU39,IF('Midterm OVPAA-F-INS-055A RAW SC'!$V$12=0.5,TRANSMUTATION!$C$4:$D$17,TRANSMUTATION!$G$4:$H$17),2,TRUE)) -> 1.25 | BW39: =IF('Midterm OVPAA-F-INS-055A RAW SC'!BU39="","",'Midterm OVPAA-F-INS-055A RAW SC'!BU39/'Midterm OVPAA-F-INS-055A RAW SC'!BU$17*100) -> 94 | BX39: =IF('Midterm OVPAA-F-INS-055A RAW SC'!BV39="","",'Midterm OVPAA-F-INS-055A RAW SC'!BV39/'Midterm OVPAA-F-INS-055A RAW SC'!BV$17*100) -> 100 | BY39: =IF('Midterm OVPAA-F-INS-055A RAW SC'!BW39="","",'Midterm OVPAA-F-INS-055A RAW SC'!BW39/'Midterm OVPAA-F-INS-055A RAW SC'!BW$17*100) -> 100 | BZ39: =IF('Midterm OVPAA-F-INS-055A RAW SC'!BX39="","",'Midterm OVPAA-F-INS-055A RAW SC'!BX39/'Midterm OVPAA-F-INS-055A RAW SC'!BX$17*100) | CA39: =IF('Midterm OVPAA-F-INS-055A RAW SC'!BY39="","",'Midterm OVPAA-F-INS-055A RAW SC'!BY39/'Midterm OVPAA-F-INS-055A RAW SC'!BY$17*100) | CB39: =IF('Midterm OVPAA-F-INS-055A RAW SC'!BZ39="","",'Midterm OVPAA-F-INS-055A RAW SC'!BZ39/'Midterm OVPAA-F-INS-055A RAW SC'!BZ$17*100) | CC39: =IF('Midterm OVPAA-F-INS-055A RAW SC'!CA39="","",'Midterm OVPAA-F-INS-055A RAW SC'!CA39/'Midterm OVPAA-F-INS-055A RAW SC'!CA$17*100) | CD39: =IF('Midterm OVPAA-F-INS-055A RAW SC'!CB39="","",'Midterm OVPAA-F-INS-055A RAW SC'!CB39/'Midterm OVPAA-F-INS-055A RAW SC'!CB$17*100) | ... CP39: =IF('Midterm OVPAA-F-INS-055A RAW SC'!CN39="","",'Midterm OVPAA-F-INS-055A RAW SC'!CN39/'Midterm OVPAA-F-INS-055A RAW SC'!CN$17*100) | CQ39: {=IF('Midterm OVPAA-F-INS-055A RAW SC'!G39="","",IF((SUMPRODUCT(--ISBLANK('Midterm OVPAA-F-INS-055A RAW SC'!BU39:CN39))=COLUMNS('Midterm OVPAA-F-INS-055A RAW SC'!BU39:CN39))=TRUE,"",(((COUNTA('Midterm OVPAA-F-INS-055A RAW SC'!$BU$17:$CN$17)+COUNTBLANK('Midterm OVPAA-F-INS-055A RAW SC'!BU39:CN39))-COLUMNS('Midterm OVPAA-F-INS-055A RAW SC'!BU39:CN39))*5+SUM(BW39:CP39))/COUNTA('Midterm OVPAA-F-INS-055A RAW SC'!$BU$17:$CN$17)))} -> 98 | CR39: =IF(CQ39="","",VLOOKUP(CQ39,IF('Midterm OVPAA-F-INS-055A RAW SC'!$V$12=0.5,TRANSMUTATION!$C$4:$D$17,TRANSMUTATION!$G$4:$H$17),2,TRUE)) -> 1 | CS39: =IF('Midterm OVPAA-F-INS-055A RAW SC'!CO39="","",'Midterm OVPAA-F-INS-055A RAW SC'!CO39/'Midterm OVPAA-F-INS-055A RAW SC'!CO$17*100) -> 94 | CT39: =IF('Midterm OVPAA-F-INS-055A RAW SC'!CP39="","",'Midterm OVPAA-F-INS-055A RAW SC'!CP39/'Midterm OVPAA-F-INS-055A RAW SC'!CP$17*100) -> 88 | CU39: =IF('Midterm OVPAA-F-INS-055A RAW SC'!CQ39="","",'Midterm OVPAA-F-INS-055A RAW SC'!CQ39/'Midterm OVPAA-F-INS-055A RAW SC'!CQ$17*100) | CV39: =IF('Midterm OVPAA-F-INS-055A RAW SC'!CR39="","",'Midterm OVPAA-F-INS-055A RAW SC'!CR39/'Midterm OVPAA-F-INS-055A RAW SC'!CR$17*100) | CW39: =IF('Midterm OVPAA-F-INS-055A RAW SC'!CS39="","",'Midterm OVPAA-F-INS-055A RAW SC'!CS39/'Midterm OVPAA-F-INS-055A RAW SC'!CS$17*100) | CX39: =IF('Midterm OVPAA-F-INS-055A RAW SC'!CT39="","",'Midterm OVPAA-F-INS-055A RAW SC'!CT39/'Midterm OVPAA-F-INS-055A RAW SC'!CT$17*100) | CY39: =IF('Midterm OVPAA-F-INS-055A RAW SC'!CU39="","",'Midterm OVPAA-F-INS-055A RAW SC'!CU39/'Midterm OVPAA-F-INS-055A RAW SC'!CU$17*100) | CZ39: =IF('Midterm OVPAA-F-INS-055A RAW SC'!CV39="","",'Midterm OVPAA-F-INS-055A RAW SC'!CV39/'Midterm OVPAA-F-INS-055A RAW SC'!CV$17*100) | ... DB39: =IF('Midterm OVPAA-F-INS-055A RAW SC'!CX39="","",'Midterm OVPAA-F-INS-055A RAW SC'!CX39/'Midterm OVPAA-F-INS-055A RAW SC'!CX$17*100) | DC39: {=IF('Midterm OVPAA-F-INS-055A RAW SC'!$G39="","",IF((SUMPRODUCT(--ISBLANK('Midterm OVPAA-F-INS-055A RAW SC'!CO39:CX39))=COLUMNS('Midterm OVPAA-F-INS-055A RAW SC'!CO39:CX39))=TRUE,"",(((COUNTA('Midterm OVPAA-F-INS-055A RAW SC'!$CO$17:$CX$17)+COUNTBLANK('Midterm OVPAA-F-INS-055A RAW SC'!CO39:CX39))-COLUMNS('Midterm OVPAA-F-INS-055A RAW SC'!CO39:CX39))*5+SUM(CS39:DB39))/COUNTA('Midterm OVPAA-F-INS-055A RAW SC'!$CO$17:$CX$17)))} -> 91 | DD39: =IF(DC39="","",VLOOKUP(DC39,IF('Midterm OVPAA-F-INS-055A RAW SC'!$V$12=0.5,TRANSMUTATION!$C$4:$D$17,TRANSMUTATION!$G$4:$H$17),2,TRUE)) -> 1.25 | DE39: =IF(BV39="","",(BV39*DE$15)) -> 0.375 | DF39: =IF(CR39="","",(CR39*DF$15)) -> 0.3 | DG39: =IF(DD39="","",(DD39*DG$15)) -> 0.5 | DH39: =IF($DF$15="",IF(OR(DE39="",DG39="")=TRUE,"",(SUM(DE39:DG39))),IF(OR(DE39="",DF39="",DG39="")=TRUE,"",(SUM(DE39:DG39)))) -> 1.175 | DI39: =IF(DH39="","",LOOKUP(DH39,{0,1.1251,1.3751,1.6251,1.8751,2.1251,2.3751,2.6251,2.8751,3.1251,3.3751,3.6251},{"1.00","1.25","1.50","1.75","2.00","2.25","2.50","2.75","3.00","3.25","3.50","5.00"})) -> 1.25
E40: 23 | F40: =IF(NOT(ISBLANK('Midterm OVPAA-F-INS-055A RAW SC'!F40)),'Midterm OVPAA-F-INS-055A RAW SC'!F40,"") -> 31 | G40: =IF(NOT(ISBLANK('Midterm OVPAA-F-INS-055A RAW SC'!G40)),'Midterm OVPAA-F-INS-055A RAW SC'!G40,"") -> Valdez, John Winchel | H40: =IF('Midterm OVPAA-F-INS-055A RAW SC'!H40="","",'Midterm OVPAA-F-INS-055A RAW SC'!H40/'Midterm OVPAA-F-INS-055A RAW SC'!H$17*100) -> 70 | I40: =IF('Midterm OVPAA-F-INS-055A RAW SC'!I40="","",'Midterm OVPAA-F-INS-055A RAW SC'!I40/'Midterm OVPAA-F-INS-055A RAW SC'!I$17*100) -> 92 | J40: =IF('Midterm OVPAA-F-INS-055A RAW SC'!J40="","",'Midterm OVPAA-F-INS-055A RAW SC'!J40/'Midterm OVPAA-F-INS-055A RAW SC'!J$17*100) -> 100 | K40: =IF('Midterm OVPAA-F-INS-055A RAW SC'!K40="","",'Midterm OVPAA-F-INS-055A RAW SC'!K40/'Midterm OVPAA-F-INS-055A RAW SC'!K$17*100) | L40: =IF('Midterm OVPAA-F-INS-055A RAW SC'!L40="","",'Midterm OVPAA-F-INS-055A RAW SC'!L40/'Midterm OVPAA-F-INS-055A RAW SC'!L$17*100) | M40: =IF('Midterm OVPAA-F-INS-055A RAW SC'!M40="","",'Midterm OVPAA-F-INS-055A RAW SC'!M40/'Midterm OVPAA-F-INS-055A RAW SC'!M$17*100) | N40: =IF('Midterm OVPAA-F-INS-055A RAW SC'!N40="","",'Midterm OVPAA-F-INS-055A RAW SC'!N40/'Midterm OVPAA-F-INS-055A RAW SC'!N$17*100) | O40: =IF('Midterm OVPAA-F-INS-055A RAW SC'!O40="","",'Midterm OVPAA-F-INS-055A RAW SC'!O40/'Midterm OVPAA-F-INS-055A RAW SC'!O$17*100) | ... BT40: =IF('Midterm OVPAA-F-INS-055A RAW SC'!BT40="","",'Midterm OVPAA-F-INS-055A RAW SC'!BT40/'Midterm OVPAA-F-INS-055A RAW SC'!BT$17*100) | BU40: {=IF('Midterm OVPAA-F-INS-055A RAW SC'!$G40="","",IF((SUMPRODUCT(--ISBLANK('Midterm OVPAA-F-INS-055A RAW SC'!H40:BT40))=COLUMNS('Midterm OVPAA-F-INS-055A RAW SC'!H40:BT40))=TRUE,"",(((COUNTA('Midterm OVPAA-F-INS-055A RAW SC'!$H$17:$BT$17)+COUNTBLANK('Midterm OVPAA-F-INS-055A RAW SC'!H40:BT40))-COLUMNS('Midterm OVPAA-F-INS-055A RAW SC'!H40:BT40))*5+SUM(H40:BT40))/COUNTA('Midterm OVPAA-F-INS-055A RAW SC'!$H$17:$BT$17)))} -> 87.333333 | BV40: =IF(BU40="","",VLOOKUP(BU40,IF('Midterm OVPAA-F-INS-055A RAW SC'!$V$12=0.5,TRANSMUTATION!$C$4:$D$17,TRANSMUTATION!$G$4:$H$17),2,TRUE)) -> 1.5 | BW40: =IF('Midterm OVPAA-F-INS-055A RAW SC'!BU40="","",'Midterm OVPAA-F-INS-055A RAW SC'!BU40/'Midterm OVPAA-F-INS-055A RAW SC'!BU$17*100) -> 80 | BX40: =IF('Midterm OVPAA-F-INS-055A RAW SC'!BV40="","",'Midterm OVPAA-F-INS-055A RAW SC'!BV40/'Midterm OVPAA-F-INS-055A RAW SC'!BV$17*100) -> 100 | BY40: =IF('Midterm OVPAA-F-INS-055A RAW SC'!BW40="","",'Midterm OVPAA-F-INS-055A RAW SC'!BW40/'Midterm OVPAA-F-INS-055A RAW SC'!BW$17*100) -> 100 | BZ40: =IF('Midterm OVPAA-F-INS-055A RAW SC'!BX40="","",'Midterm OVPAA-F-INS-055A RAW SC'!BX40/'Midterm OVPAA-F-INS-055A RAW SC'!BX$17*100) | CA40: =IF('Midterm OVPAA-F-INS-055A RAW SC'!BY40="","",'Midterm OVPAA-F-INS-055A RAW SC'!BY40/'Midterm OVPAA-F-INS-055A RAW SC'!BY$17*100) | CB40: =IF('Midterm OVPAA-F-INS-055A RAW SC'!BZ40="","",'Midterm OVPAA-F-INS-055A RAW SC'!BZ40/'Midterm OVPAA-F-INS-055A RAW SC'!BZ$17*100) | CC40: =IF('Midterm OVPAA-F-INS-055A RAW SC'!CA40="","",'Midterm OVPAA-F-INS-055A RAW SC'!CA40/'Midterm OVPAA-F-INS-055A RAW SC'!CA$17*100) | CD40: =IF('Midterm OVPAA-F-INS-055A RAW SC'!CB40="","",'Midterm OVPAA-F-INS-055A RAW SC'!CB40/'Midterm OVPAA-F-INS-055A RAW SC'!CB$17*100) | ... CP40: =IF('Midterm OVPAA-F-INS-055A RAW SC'!CN40="","",'Midterm OVPAA-F-INS-055A RAW SC'!CN40/'Midterm OVPAA-F-INS-055A RAW SC'!CN$17*100) | CQ40: {=IF('Midterm OVPAA-F-INS-055A RAW SC'!G40="","",IF((SUMPRODUCT(--ISBLANK('Midterm OVPAA-F-INS-055A RAW SC'!BU40:CN40))=COLUMNS('Midterm OVPAA-F-INS-055A RAW SC'!BU40:CN40))=TRUE,"",(((COUNTA('Midterm OVPAA-F-INS-055A RAW SC'!$BU$17:$CN$17)+COUNTBLANK('Midterm OVPAA-F-INS-055A RAW SC'!BU40:CN40))-COLUMNS('Midterm OVPAA-F-INS-055A RAW SC'!BU40:CN40))*5+SUM(BW40:CP40))/COUNTA('Midterm OVPAA-F-INS-055A RAW SC'!$BU$17:$CN$17)))} -> 93.333333 | CR40: =IF(CQ40="","",VLOOKUP(CQ40,IF('Midterm OVPAA-F-INS-055A RAW SC'!$V$12=0.5,TRANSMUTATION!$C$4:$D$17,TRANSMUTATION!$G$4:$H$17),2,TRUE)) -> 1.25 | CS40: =IF('Midterm OVPAA-F-INS-055A RAW SC'!CO40="","",'Midterm OVPAA-F-INS-055A RAW SC'!CO40/'Midterm OVPAA-F-INS-055A RAW SC'!CO$17*100) -> 76 | CT40: =IF('Midterm OVPAA-F-INS-055A RAW SC'!CP40="","",'Midterm OVPAA-F-INS-055A RAW SC'!CP40/'Midterm OVPAA-F-INS-055A RAW SC'!CP$17*100) -> 80 | CU40: =IF('Midterm OVPAA-F-INS-055A RAW SC'!CQ40="","",'Midterm OVPAA-F-INS-055A RAW SC'!CQ40/'Midterm OVPAA-F-INS-055A RAW SC'!CQ$17*100) | CV40: =IF('Midterm OVPAA-F-INS-055A RAW SC'!CR40="","",'Midterm OVPAA-F-INS-055A RAW SC'!CR40/'Midterm OVPAA-F-INS-055A RAW SC'!CR$17*100) | CW40: =IF('Midterm OVPAA-F-INS-055A RAW SC'!CS40="","",'Midterm OVPAA-F-INS-055A RAW SC'!CS40/'Midterm OVPAA-F-INS-055A RAW SC'!CS$17*100) | CX40: =IF('Midterm OVPAA-F-INS-055A RAW SC'!CT40="","",'Midterm OVPAA-F-INS-055A RAW SC'!CT40/'Midterm OVPAA-F-INS-055A RAW SC'!CT$17*100) | CY40: =IF('Midterm OVPAA-F-INS-055A RAW SC'!CU40="","",'Midterm OVPAA-F-INS-055A RAW SC'!CU40/'Midterm OVPAA-F-INS-055A RAW SC'!CU$17*100) | CZ40: =IF('Midterm OVPAA-F-INS-055A RAW SC'!CV40="","",'Midterm OVPAA-F-INS-055A RAW SC'!CV40/'Midterm OVPAA-F-INS-055A RAW SC'!CV$17*100) | ... DB40: =IF('Midterm OVPAA-F-INS-055A RAW SC'!CX40="","",'Midterm OVPAA-F-INS-055A RAW SC'!CX40/'Midterm OVPAA-F-INS-055A RAW SC'!CX$17*100) | DC40: {=IF('Midterm OVPAA-F-INS-055A RAW SC'!$G40="","",IF((SUMPRODUCT(--ISBLANK('Midterm OVPAA-F-INS-055A RAW SC'!CO40:CX40))=COLUMNS('Midterm OVPAA-F-INS-055A RAW SC'!CO40:CX40))=TRUE,"",(((COUNTA('Midterm OVPAA-F-INS-055A RAW SC'!$CO$17:$CX$17)+COUNTBLANK('Midterm OVPAA-F-INS-055A RAW SC'!CO40:CX40))-COLUMNS('Midterm OVPAA-F-INS-055A RAW SC'!CO40:CX40))*5+SUM(CS40:DB40))/COUNTA('Midterm OVPAA-F-INS-055A RAW SC'!$CO$17:$CX$17)))} -> 78 | DD40: =IF(DC40="","",VLOOKUP(DC40,IF('Midterm OVPAA-F-INS-055A RAW SC'!$V$12=0.5,TRANSMUTATION!$C$4:$D$17,TRANSMUTATION!$G$4:$H$17),2,TRUE)) -> 2 | DE40: =IF(BV40="","",(BV40*DE$15)) -> 0.45 | DF40: =IF(CR40="","",(CR40*DF$15)) -> 0.375 | DG40: =IF(DD40="","",(DD40*DG$15)) -> 0.8 | DH40: =IF($DF$15="",IF(OR(DE40="",DG40="")=TRUE,"",(SUM(DE40:DG40))),IF(OR(DE40="",DF40="",DG40="")=TRUE,"",(SUM(DE40:DG40)))) -> 1.625 | DI40: =IF(DH40="","",LOOKUP(DH40,{0,1.1251,1.3751,1.6251,1.8751,2.1251,2.3751,2.6251,2.8751,3.1251,3.3751,3.6251},{"1.00","1.25","1.50","1.75","2.00","2.25","2.50","2.75","3.00","3.25","3.50","5.00"})) -> 1.50
E41: 24 | F41: =IF(NOT(ISBLANK('Midterm OVPAA-F-INS-055A RAW SC'!F41)),'Midterm OVPAA-F-INS-055A RAW SC'!F41,"") | G41: =IF(NOT(ISBLANK('Midterm OVPAA-F-INS-055A RAW SC'!G41)),'Midterm OVPAA-F-INS-055A RAW SC'!G41,"") | H41: =IF('Midterm OVPAA-F-INS-055A RAW SC'!H41="","",'Midterm OVPAA-F-INS-055A RAW SC'!H41/'Midterm OVPAA-F-INS-055A RAW SC'!H$17*100) | I41: =IF('Midterm OVPAA-F-INS-055A RAW SC'!I41="","",'Midterm OVPAA-F-INS-055A RAW SC'!I41/'Midterm OVPAA-F-INS-055A RAW SC'!I$17*100) | J41: =IF('Midterm OVPAA-F-INS-055A RAW SC'!J41="","",'Midterm OVPAA-F-INS-055A RAW SC'!J41/'Midterm OVPAA-F-INS-055A RAW SC'!J$17*100) | K41: =IF('Midterm OVPAA-F-INS-055A RAW SC'!K41="","",'Midterm OVPAA-F-INS-055A RAW SC'!K41/'Midterm OVPAA-F-INS-055A RAW SC'!K$17*100) | L41: =IF('Midterm OVPAA-F-INS-055A RAW SC'!L41="","",'Midterm OVPAA-F-INS-055A RAW SC'!L41/'Midterm OVPAA-F-INS-055A RAW SC'!L$17*100) | M41: =IF('Midterm OVPAA-F-INS-055A RAW SC'!M41="","",'Midterm OVPAA-F-INS-055A RAW SC'!M41/'Midterm OVPAA-F-INS-055A RAW SC'!M$17*100) | N41: =IF('Midterm OVPAA-F-INS-055A RAW SC'!N41="","",'Midterm OVPAA-F-INS-055A RAW SC'!N41/'Midterm OVPAA-F-INS-055A RAW SC'!N$17*100) | O41: =IF('Midterm OVPAA-F-INS-055A RAW SC'!O41="","",'Midterm OVPAA-F-INS-055A RAW SC'!O41/'Midterm OVPAA-F-INS-055A RAW SC'!O$17*100) | ... BT41: =IF('Midterm OVPAA-F-INS-055A RAW SC'!BT41="","",'Midterm OVPAA-F-INS-055A RAW SC'!BT41/'Midterm OVPAA-F-INS-055A RAW SC'!BT$17*100) | BU41: {=IF('Midterm OVPAA-F-INS-055A RAW SC'!$G41="","",IF((SUMPRODUCT(--ISBLANK('Midterm OVPAA-F-INS-055A RAW SC'!H41:BT41))=COLUMNS('Midterm OVPAA-F-INS-055A RAW SC'!H41:BT41))=TRUE,"",(((COUNTA('Midterm OVPAA-F-INS-055A RAW SC'!$H$17:$BT$17)+COUNTBLANK('Midterm OVPAA-F-INS-055A RAW SC'!H41:BT41))-COLUMNS('Midterm OVPAA-F-INS-055A RAW SC'!H41:BT41))*5+SUM(H41:BT41))/COUNTA('Midterm OVPAA-F-INS-055A RAW SC'!$H$17:$BT$17)))} | BV41: =IF(BU41="","",VLOOKUP(BU41,IF('Midterm OVPAA-F-INS-055A RAW SC'!$V$12=0.5,TRANSMUTATION!$C$4:$D$17,TRANSMUTATION!$G$4:$H$17),2,TRUE)) | BW41: =IF('Midterm OVPAA-F-INS-055A RAW SC'!BU41="","",'Midterm OVPAA-F-INS-055A RAW SC'!BU41/'Midterm OVPAA-F-INS-055A RAW SC'!BU$17*100) | BX41: =IF('Midterm OVPAA-F-INS-055A RAW SC'!BV41="","",'Midterm OVPAA-F-INS-055A RAW SC'!BV41/'Midterm OVPAA-F-INS-055A RAW SC'!BV$17*100) | BY41: =IF('Midterm OVPAA-F-INS-055A RAW SC'!BW41="","",'Midterm OVPAA-F-INS-055A RAW SC'!BW41/'Midterm OVPAA-F-INS-055A RAW SC'!BW$17*100) | BZ41: =IF('Midterm OVPAA-F-INS-055A RAW SC'!BX41="","",'Midterm OVPAA-F-INS-055A RAW SC'!BX41/'Midterm OVPAA-F-INS-055A RAW SC'!BX$17*100) | CA41: =IF('Midterm OVPAA-F-INS-055A RAW SC'!BY41="","",'Midterm OVPAA-F-INS-055A RAW SC'!BY41/'Midterm OVPAA-F-INS-055A RAW SC'!BY$17*100) | CB41: =IF('Midterm OVPAA-F-INS-055A RAW SC'!BZ41="","",'Midterm OVPAA-F-INS-055A RAW SC'!BZ41/'Midterm OVPAA-F-INS-055A RAW SC'!BZ$17*100) | CC41: =IF('Midterm OVPAA-F-INS-055A RAW SC'!CA41="","",'Midterm OVPAA-F-INS-055A RAW SC'!CA41/'Midterm OVPAA-F-INS-055A RAW SC'!CA$17*100) | CD41: =IF('Midterm OVPAA-F-INS-055A RAW SC'!CB41="","",'Midterm OVPAA-F-INS-055A RAW SC'!CB41/'Midterm OVPAA-F-INS-055A RAW SC'!CB$17*100) | ... CP41: =IF('Midterm OVPAA-F-INS-055A RAW SC'!CN41="","",'Midterm OVPAA-F-INS-055A RAW SC'!CN41/'Midterm OVPAA-F-INS-055A RAW SC'!CN$17*100) | CQ41: {=IF('Midterm OVPAA-F-INS-055A RAW SC'!G41="","",IF((SUMPRODUCT(--ISBLANK('Midterm OVPAA-F-INS-055A RAW SC'!BU41:CN41))=COLUMNS('Midterm OVPAA-F-INS-055A RAW SC'!BU41:CN41))=TRUE,"",(((COUNTA('Midterm OVPAA-F-INS-055A RAW SC'!$BU$17:$CN$17)+COUNTBLANK('Midterm OVPAA-F-INS-055A RAW SC'!BU41:CN41))-COLUMNS('Midterm OVPAA-F-INS-055A RAW SC'!BU41:CN41))*5+SUM(BW41:CP41))/COUNTA('Midterm OVPAA-F-INS-055A RAW SC'!$BU$17:$CN$17)))} | CR41: =IF(CQ41="","",VLOOKUP(CQ41,IF('Midterm OVPAA-F-INS-055A RAW SC'!$V$12=0.5,TRANSMUTATION!$C$4:$D$17,TRANSMUTATION!$G$4:$H$17),2,TRUE)) | CS41: =IF('Midterm OVPAA-F-INS-055A RAW SC'!CO41="","",'Midterm OVPAA-F-INS-055A RAW SC'!CO41/'Midterm OVPAA-F-INS-055A RAW SC'!CO$17*100) | CT41: =IF('Midterm OVPAA-F-INS-055A RAW SC'!CP41="","",'Midterm OVPAA-F-INS-055A RAW SC'!CP41/'Midterm OVPAA-F-INS-055A RAW SC'!CP$17*100) | CU41: =IF('Midterm OVPAA-F-INS-055A RAW SC'!CQ41="","",'Midterm OVPAA-F-INS-055A RAW SC'!CQ41/'Midterm OVPAA-F-INS-055A RAW SC'!CQ$17*100) | CV41: =IF('Midterm OVPAA-F-INS-055A RAW SC'!CR41="","",'Midterm OVPAA-F-INS-055A RAW SC'!CR41/'Midterm OVPAA-F-INS-055A RAW SC'!CR$17*100) | CW41: =IF('Midterm OVPAA-F-INS-055A RAW SC'!CS41="","",'Midterm OVPAA-F-INS-055A RAW SC'!CS41/'Midterm OVPAA-F-INS-055A RAW SC'!CS$17*100) | CX41: =IF('Midterm OVPAA-F-INS-055A RAW SC'!CT41="","",'Midterm OVPAA-F-INS-055A RAW SC'!CT41/'Midterm OVPAA-F-INS-055A RAW SC'!CT$17*100) | CY41: =IF('Midterm OVPAA-F-INS-055A RAW SC'!CU41="","",'Midterm OVPAA-F-INS-055A RAW SC'!CU41/'Midterm OVPAA-F-INS-055A RAW SC'!CU$17*100) | CZ41: =IF('Midterm OVPAA-F-INS-055A RAW SC'!CV41="","",'Midterm OVPAA-F-INS-055A RAW SC'!CV41/'Midterm OVPAA-F-INS-055A RAW SC'!CV$17*100) | ... DB41: =IF('Midterm OVPAA-F-INS-055A RAW SC'!CX41="","",'Midterm OVPAA-F-INS-055A RAW SC'!CX41/'Midterm OVPAA-F-INS-055A RAW SC'!CX$17*100) | DC41: {=IF('Midterm OVPAA-F-INS-055A RAW SC'!$G41="","",IF((SUMPRODUCT(--ISBLANK('Midterm OVPAA-F-INS-055A RAW SC'!CO41:CX41))=COLUMNS('Midterm OVPAA-F-INS-055A RAW SC'!CO41:CX41))=TRUE,"",(((COUNTA('Midterm OVPAA-F-INS-055A RAW SC'!$CO$17:$CX$17)+COUNTBLANK('Midterm OVPAA-F-INS-055A RAW SC'!CO41:CX41))-COLUMNS('Midterm OVPAA-F-INS-055A RAW SC'!CO41:CX41))*5+SUM(CS41:DB41))/COUNTA('Midterm OVPAA-F-INS-055A RAW SC'!$CO$17:$CX$17)))} | DD41: =IF(DC41="","",VLOOKUP(DC41,IF('Midterm OVPAA-F-INS-055A RAW SC'!$V$12=0.5,TRANSMUTATION!$C$4:$D$17,TRANSMUTATION!$G$4:$H$17),2,TRUE)) | DE41: =IF(BV41="","",(BV41*DE$15)) | DF41: =IF(CR41="","",(CR41*DF$15)) | DG41: =IF(DD41="","",(DD41*DG$15)) | DH41: =IF($DF$15="",IF(OR(DE41="",DG41="")=TRUE,"",(SUM(DE41:DG41))),IF(OR(DE41="",DF41="",DG41="")=TRUE,"",(SUM(DE41:DG41)))) | DI41: =IF(DH41="","",LOOKUP(DH41,{0,1.1251,1.3751,1.6251,1.8751,2.1251,2.3751,2.6251,2.8751,3.1251,3.3751,3.6251},{"1.00","1.25","1.50","1.75","2.00","2.25","2.50","2.75","3.00","3.25","3.50","5.00"}))
E42: 25 | F42: =IF(NOT(ISBLANK('Midterm OVPAA-F-INS-055A RAW SC'!F42)),'Midterm OVPAA-F-INS-055A RAW SC'!F42,"") | G42: =IF(NOT(ISBLANK('Midterm OVPAA-F-INS-055A RAW SC'!G42)),'Midterm OVPAA-F-INS-055A RAW SC'!G42,"") | H42: =IF('Midterm OVPAA-F-INS-055A RAW SC'!H42="","",'Midterm OVPAA-F-INS-055A RAW SC'!H42/'Midterm OVPAA-F-INS-055A RAW SC'!H$17*100) | I42: =IF('Midterm OVPAA-F-INS-055A RAW SC'!I42="","",'Midterm OVPAA-F-INS-055A RAW SC'!I42/'Midterm OVPAA-F-INS-055A RAW SC'!I$17*100) | J42: =IF('Midterm OVPAA-F-INS-055A RAW SC'!J42="","",'Midterm OVPAA-F-INS-055A RAW SC'!J42/'Midterm OVPAA-F-INS-055A RAW SC'!J$17*100) | K42: =IF('Midterm OVPAA-F-INS-055A RAW SC'!K42="","",'Midterm OVPAA-F-INS-055A RAW SC'!K42/'Midterm OVPAA-F-INS-055A RAW SC'!K$17*100) | L42: =IF('Midterm OVPAA-F-INS-055A RAW SC'!L42="","",'Midterm OVPAA-F-INS-055A RAW SC'!L42/'Midterm OVPAA-F-INS-055A RAW SC'!L$17*100) | M42: =IF('Midterm OVPAA-F-INS-055A RAW SC'!M42="","",'Midterm OVPAA-F-INS-055A RAW SC'!M42/'Midterm OVPAA-F-INS-055A RAW SC'!M$17*100) | N42: =IF('Midterm OVPAA-F-INS-055A RAW SC'!N42="","",'Midterm OVPAA-F-INS-055A RAW SC'!N42/'Midterm OVPAA-F-INS-055A RAW SC'!N$17*100) | O42: =IF('Midterm OVPAA-F-INS-055A RAW SC'!O42="","",'Midterm OVPAA-F-INS-055A RAW SC'!O42/'Midterm OVPAA-F-INS-055A RAW SC'!O$17*100) | ... BT42: =IF('Midterm OVPAA-F-INS-055A RAW SC'!BT42="","",'Midterm OVPAA-F-INS-055A RAW SC'!BT42/'Midterm OVPAA-F-INS-055A RAW SC'!BT$17*100) | BU42: {=IF('Midterm OVPAA-F-INS-055A RAW SC'!$G42="","",IF((SUMPRODUCT(--ISBLANK('Midterm OVPAA-F-INS-055A RAW SC'!H42:BT42))=COLUMNS('Midterm OVPAA-F-INS-055A RAW SC'!H42:BT42))=TRUE,"",(((COUNTA('Midterm OVPAA-F-INS-055A RAW SC'!$H$17:$BT$17)+COUNTBLANK('Midterm OVPAA-F-INS-055A RAW SC'!H42:BT42))-COLUMNS('Midterm OVPAA-F-INS-055A RAW SC'!H42:BT42))*5+SUM(H42:BT42))/COUNTA('Midterm OVPAA-F-INS-055A RAW SC'!$H$17:$BT$17)))} | BV42: =IF(BU42="","",VLOOKUP(BU42,IF('Midterm OVPAA-F-INS-055A RAW SC'!$V$12=0.5,TRANSMUTATION!$C$4:$D$17,TRANSMUTATION!$G$4:$H$17),2,TRUE)) | BW42: =IF('Midterm OVPAA-F-INS-055A RAW SC'!BU42="","",'Midterm OVPAA-F-INS-055A RAW SC'!BU42/'Midterm OVPAA-F-INS-055A RAW SC'!BU$17*100) | BX42: =IF('Midterm OVPAA-F-INS-055A RAW SC'!BV42="","",'Midterm OVPAA-F-INS-055A RAW SC'!BV42/'Midterm OVPAA-F-INS-055A RAW SC'!BV$17*100) | BY42: =IF('Midterm OVPAA-F-INS-055A RAW SC'!BW42="","",'Midterm OVPAA-F-INS-055A RAW SC'!BW42/'Midterm OVPAA-F-INS-055A RAW SC'!BW$17*100) | BZ42: =IF('Midterm OVPAA-F-INS-055A RAW SC'!BX42="","",'Midterm OVPAA-F-INS-055A RAW SC'!BX42/'Midterm OVPAA-F-INS-055A RAW SC'!BX$17*100) | CA42: =IF('Midterm OVPAA-F-INS-055A RAW SC'!BY42="","",'Midterm OVPAA-F-INS-055A RAW SC'!BY42/'Midterm OVPAA-F-INS-055A RAW SC'!BY$17*100) | CB42: =IF('Midterm OVPAA-F-INS-055A RAW SC'!BZ42="","",'Midterm OVPAA-F-INS-055A RAW SC'!BZ42/'Midterm OVPAA-F-INS-055A RAW SC'!BZ$17*100) | CC42: =IF('Midterm OVPAA-F-INS-055A RAW SC'!CA42="","",'Midterm OVPAA-F-INS-055A RAW SC'!CA42/'Midterm OVPAA-F-INS-055A RAW SC'!CA$17*100) | CD42: =IF('Midterm OVPAA-F-INS-055A RAW SC'!CB42="","",'Midterm OVPAA-F-INS-055A RAW SC'!CB42/'Midterm OVPAA-F-INS-055A RAW SC'!CB$17*100) | ... CP42: =IF('Midterm OVPAA-F-INS-055A RAW SC'!CN42="","",'Midterm OVPAA-F-INS-055A RAW SC'!CN42/'Midterm OVPAA-F-INS-055A RAW SC'!CN$17*100) | CQ42: {=IF('Midterm OVPAA-F-INS-055A RAW SC'!G42="","",IF((SUMPRODUCT(--ISBLANK('Midterm OVPAA-F-INS-055A RAW SC'!BU42:CN42))=COLUMNS('Midterm OVPAA-F-INS-055A RAW SC'!BU42:CN42))=TRUE,"",(((COUNTA('Midterm OVPAA-F-INS-055A RAW SC'!$BU$17:$CN$17)+COUNTBLANK('Midterm OVPAA-F-INS-055A RAW SC'!BU42:CN42))-COLUMNS('Midterm OVPAA-F-INS-055A RAW SC'!BU42:CN42))*5+SUM(BW42:CP42))/COUNTA('Midterm OVPAA-F-INS-055A RAW SC'!$BU$17:$CN$17)))} | CR42: =IF(CQ42="","",VLOOKUP(CQ42,IF('Midterm OVPAA-F-INS-055A RAW SC'!$V$12=0.5,TRANSMUTATION!$C$4:$D$17,TRANSMUTATION!$G$4:$H$17),2,TRUE)) | CS42: =IF('Midterm OVPAA-F-INS-055A RAW SC'!CO42="","",'Midterm OVPAA-F-INS-055A RAW SC'!CO42/'Midterm OVPAA-F-INS-055A RAW SC'!CO$17*100) | CT42: =IF('Midterm OVPAA-F-INS-055A RAW SC'!CP42="","",'Midterm OVPAA-F-INS-055A RAW SC'!CP42/'Midterm OVPAA-F-INS-055A RAW SC'!CP$17*100) | CU42: =IF('Midterm OVPAA-F-INS-055A RAW SC'!CQ42="","",'Midterm OVPAA-F-INS-055A RAW SC'!CQ42/'Midterm OVPAA-F-INS-055A RAW SC'!CQ$17*100) | CV42: =IF('Midterm OVPAA-F-INS-055A RAW SC'!CR42="","",'Midterm OVPAA-F-INS-055A RAW SC'!CR42/'Midterm OVPAA-F-INS-055A RAW SC'!CR$17*100) | CW42: =IF('Midterm OVPAA-F-INS-055A RAW SC'!CS42="","",'Midterm OVPAA-F-INS-055A RAW SC'!CS42/'Midterm OVPAA-F-INS-055A RAW SC'!CS$17*100) | CX42: =IF('Midterm OVPAA-F-INS-055A RAW SC'!CT42="","",'Midterm OVPAA-F-INS-055A RAW SC'!CT42/'Midterm OVPAA-F-INS-055A RAW SC'!CT$17*100) | CY42: =IF('Midterm OVPAA-F-INS-055A RAW SC'!CU42="","",'Midterm OVPAA-F-INS-055A RAW SC'!CU42/'Midterm OVPAA-F-INS-055A RAW SC'!CU$17*100) | CZ42: =IF('Midterm OVPAA-F-INS-055A RAW SC'!CV42="","",'Midterm OVPAA-F-INS-055A RAW SC'!CV42/'Midterm OVPAA-F-INS-055A RAW SC'!CV$17*100) | ... DB42: =IF('Midterm OVPAA-F-INS-055A RAW SC'!CX42="","",'Midterm OVPAA-F-INS-055A RAW SC'!CX42/'Midterm OVPAA-F-INS-055A RAW SC'!CX$17*100) | DC42: {=IF('Midterm OVPAA-F-INS-055A RAW SC'!$G42="","",IF((SUMPRODUCT(--ISBLANK('Midterm OVPAA-F-INS-055A RAW SC'!CO42:CX42))=COLUMNS('Midterm OVPAA-F-INS-055A RAW SC'!CO42:CX42))=TRUE,"",(((COUNTA('Midterm OVPAA-F-INS-055A RAW SC'!$CO$17:$CX$17)+COUNTBLANK('Midterm OVPAA-F-INS-055A RAW SC'!CO42:CX42))-COLUMNS('Midterm OVPAA-F-INS-055A RAW SC'!CO42:CX42))*5+SUM(CS42:DB42))/COUNTA('Midterm OVPAA-F-INS-055A RAW SC'!$CO$17:$CX$17)))} | DD42: =IF(DC42="","",VLOOKUP(DC42,IF('Midterm OVPAA-F-INS-055A RAW SC'!$V$12=0.5,TRANSMUTATION!$C$4:$D$17,TRANSMUTATION!$G$4:$H$17),2,TRUE)) | DE42: =IF(BV42="","",(BV42*DE$15)) | DF42: =IF(CR42="","",(CR42*DF$15)) | DG42: =IF(DD42="","",(DD42*DG$15)) | DH42: =IF($DF$15="",IF(OR(DE42="",DG42="")=TRUE,"",(SUM(DE42:DG42))),IF(OR(DE42="",DF42="",DG42="")=TRUE,"",(SUM(DE42:DG42)))) | DI42: =IF(DH42="","",LOOKUP(DH42,{0,1.1251,1.3751,1.6251,1.8751,2.1251,2.3751,2.6251,2.8751,3.1251,3.3751,3.6251},{"1.00","1.25","1.50","1.75","2.00","2.25","2.50","2.75","3.00","3.25","3.50","5.00"}))
E43: 26 | F43: =IF(NOT(ISBLANK('Midterm OVPAA-F-INS-055A RAW SC'!F43)),'Midterm OVPAA-F-INS-055A RAW SC'!F43,"") | G43: =IF(NOT(ISBLANK('Midterm OVPAA-F-INS-055A RAW SC'!G43)),'Midterm OVPAA-F-INS-055A RAW SC'!G43,"") | H43: =IF('Midterm OVPAA-F-INS-055A RAW SC'!H43="","",'Midterm OVPAA-F-INS-055A RAW SC'!H43/'Midterm OVPAA-F-INS-055A RAW SC'!H$17*100) | I43: =IF('Midterm OVPAA-F-INS-055A RAW SC'!I43="","",'Midterm OVPAA-F-INS-055A RAW SC'!I43/'Midterm OVPAA-F-INS-055A RAW SC'!I$17*100) | J43: =IF('Midterm OVPAA-F-INS-055A RAW SC'!J43="","",'Midterm OVPAA-F-INS-055A RAW SC'!J43/'Midterm OVPAA-F-INS-055A RAW SC'!J$17*100) | K43: =IF('Midterm OVPAA-F-INS-055A RAW SC'!K43="","",'Midterm OVPAA-F-INS-055A RAW SC'!K43/'Midterm OVPAA-F-INS-055A RAW SC'!K$17*100) | L43: =IF('Midterm OVPAA-F-INS-055A RAW SC'!L43="","",'Midterm OVPAA-F-INS-055A RAW SC'!L43/'Midterm OVPAA-F-INS-055A RAW SC'!L$17*100) | M43: =IF('Midterm OVPAA-F-INS-055A RAW SC'!M43="","",'Midterm OVPAA-F-INS-055A RAW SC'!M43/'Midterm OVPAA-F-INS-055A RAW SC'!M$17*100) | N43: =IF('Midterm OVPAA-F-INS-055A RAW SC'!N43="","",'Midterm OVPAA-F-INS-055A RAW SC'!N43/'Midterm OVPAA-F-INS-055A RAW SC'!N$17*100) | O43: =IF('Midterm OVPAA-F-INS-055A RAW SC'!O43="","",'Midterm OVPAA-F-INS-055A RAW SC'!O43/'Midterm OVPAA-F-INS-055A RAW SC'!O$17*100) | ... BT43: =IF('Midterm OVPAA-F-INS-055A RAW SC'!BT43="","",'Midterm OVPAA-F-INS-055A RAW SC'!BT43/'Midterm OVPAA-F-INS-055A RAW SC'!BT$17*100) | BU43: {=IF('Midterm OVPAA-F-INS-055A RAW SC'!$G43="","",IF((SUMPRODUCT(--ISBLANK('Midterm OVPAA-F-INS-055A RAW SC'!H43:BT43))=COLUMNS('Midterm OVPAA-F-INS-055A RAW SC'!H43:BT43))=TRUE,"",(((COUNTA('Midterm OVPAA-F-INS-055A RAW SC'!$H$17:$BT$17)+COUNTBLANK('Midterm OVPAA-F-INS-055A RAW SC'!H43:BT43))-COLUMNS('Midterm OVPAA-F-INS-055A RAW SC'!H43:BT43))*5+SUM(H43:BT43))/COUNTA('Midterm OVPAA-F-INS-055A RAW SC'!$H$17:$BT$17)))} | BV43: =IF(BU43="","",VLOOKUP(BU43,IF('Midterm OVPAA-F-INS-055A RAW SC'!$V$12=0.5,TRANSMUTATION!$C$4:$D$17,TRANSMUTATION!$G$4:$H$17),2,TRUE)) | BW43: =IF('Midterm OVPAA-F-INS-055A RAW SC'!BU43="","",'Midterm OVPAA-F-INS-055A RAW SC'!BU43/'Midterm OVPAA-F-INS-055A RAW SC'!BU$17*100) | BX43: =IF('Midterm OVPAA-F-INS-055A RAW SC'!BV43="","",'Midterm OVPAA-F-INS-055A RAW SC'!BV43/'Midterm OVPAA-F-INS-055A RAW SC'!BV$17*100) | BY43: =IF('Midterm OVPAA-F-INS-055A RAW SC'!BW43="","",'Midterm OVPAA-F-INS-055A RAW SC'!BW43/'Midterm OVPAA-F-INS-055A RAW SC'!BW$17*100) | BZ43: =IF('Midterm OVPAA-F-INS-055A RAW SC'!BX43="","",'Midterm OVPAA-F-INS-055A RAW SC'!BX43/'Midterm OVPAA-F-INS-055A RAW SC'!BX$17*100) | CA43: =IF('Midterm OVPAA-F-INS-055A RAW SC'!BY43="","",'Midterm OVPAA-F-INS-055A RAW SC'!BY43/'Midterm OVPAA-F-INS-055A RAW SC'!BY$17*100) | CB43: =IF('Midterm OVPAA-F-INS-055A RAW SC'!BZ43="","",'Midterm OVPAA-F-INS-055A RAW SC'!BZ43/'Midterm OVPAA-F-INS-055A RAW SC'!BZ$17*100) | CC43: =IF('Midterm OVPAA-F-INS-055A RAW SC'!CA43="","",'Midterm OVPAA-F-INS-055A RAW SC'!CA43/'Midterm OVPAA-F-INS-055A RAW SC'!CA$17*100) | CD43: =IF('Midterm OVPAA-F-INS-055A RAW SC'!CB43="","",'Midterm OVPAA-F-INS-055A RAW SC'!CB43/'Midterm OVPAA-F-INS-055A RAW SC'!CB$17*100) | ... CP43: =IF('Midterm OVPAA-F-INS-055A RAW SC'!CN43="","",'Midterm OVPAA-F-INS-055A RAW SC'!CN43/'Midterm OVPAA-F-INS-055A RAW SC'!CN$17*100) | CQ43: {=IF('Midterm OVPAA-F-INS-055A RAW SC'!G43="","",IF((SUMPRODUCT(--ISBLANK('Midterm OVPAA-F-INS-055A RAW SC'!BU43:CN43))=COLUMNS('Midterm OVPAA-F-INS-055A RAW SC'!BU43:CN43))=TRUE,"",(((COUNTA('Midterm OVPAA-F-INS-055A RAW SC'!$BU$17:$CN$17)+COUNTBLANK('Midterm OVPAA-F-INS-055A RAW SC'!BU43:CN43))-COLUMNS('Midterm OVPAA-F-INS-055A RAW SC'!BU43:CN43))*5+SUM(BW43:CP43))/COUNTA('Midterm OVPAA-F-INS-055A RAW SC'!$BU$17:$CN$17)))} | CR43: =IF(CQ43="","",VLOOKUP(CQ43,IF('Midterm OVPAA-F-INS-055A RAW SC'!$V$12=0.5,TRANSMUTATION!$C$4:$D$17,TRANSMUTATION!$G$4:$H$17),2,TRUE)) | CS43: =IF('Midterm OVPAA-F-INS-055A RAW SC'!CO43="","",'Midterm OVPAA-F-INS-055A RAW SC'!CO43/'Midterm OVPAA-F-INS-055A RAW SC'!CO$17*100) | CT43: =IF('Midterm OVPAA-F-INS-055A RAW SC'!CP43="","",'Midterm OVPAA-F-INS-055A RAW SC'!CP43/'Midterm OVPAA-F-INS-055A RAW SC'!CP$17*100) | CU43: =IF('Midterm OVPAA-F-INS-055A RAW SC'!CQ43="","",'Midterm OVPAA-F-INS-055A RAW SC'!CQ43/'Midterm OVPAA-F-INS-055A RAW SC'!CQ$17*100) | CV43: =IF('Midterm OVPAA-F-INS-055A RAW SC'!CR43="","",'Midterm OVPAA-F-INS-055A RAW SC'!CR43/'Midterm OVPAA-F-INS-055A RAW SC'!CR$17*100) | CW43: =IF('Midterm OVPAA-F-INS-055A RAW SC'!CS43="","",'Midterm OVPAA-F-INS-055A RAW SC'!CS43/'Midterm OVPAA-F-INS-055A RAW SC'!CS$17*100) | CX43: =IF('Midterm OVPAA-F-INS-055A RAW SC'!CT43="","",'Midterm OVPAA-F-INS-055A RAW SC'!CT43/'Midterm OVPAA-F-INS-055A RAW SC'!CT$17*100) | CY43: =IF('Midterm OVPAA-F-INS-055A RAW SC'!CU43="","",'Midterm OVPAA-F-INS-055A RAW SC'!CU43/'Midterm OVPAA-F-INS-055A RAW SC'!CU$17*100) | CZ43: =IF('Midterm OVPAA-F-INS-055A RAW SC'!CV43="","",'Midterm OVPAA-F-INS-055A RAW SC'!CV43/'Midterm OVPAA-F-INS-055A RAW SC'!CV$17*100) | ... DB43: =IF('Midterm OVPAA-F-INS-055A RAW SC'!CX43="","",'Midterm OVPAA-F-INS-055A RAW SC'!CX43/'Midterm OVPAA-F-INS-055A RAW SC'!CX$17*100) | DC43: {=IF('Midterm OVPAA-F-INS-055A RAW SC'!$G43="","",IF((SUMPRODUCT(--ISBLANK('Midterm OVPAA-F-INS-055A RAW SC'!CO43:CX43))=COLUMNS('Midterm OVPAA-F-INS-055A RAW SC'!CO43:CX43))=TRUE,"",(((COUNTA('Midterm OVPAA-F-INS-055A RAW SC'!$CO$17:$CX$17)+COUNTBLANK('Midterm OVPAA-F-INS-055A RAW SC'!CO43:CX43))-COLUMNS('Midterm OVPAA-F-INS-055A RAW SC'!CO43:CX43))*5+SUM(CS43:DB43))/COUNTA('Midterm OVPAA-F-INS-055A RAW SC'!$CO$17:$CX$17)))} | DD43: =IF(DC43="","",VLOOKUP(DC43,IF('Midterm OVPAA-F-INS-055A RAW SC'!$V$12=0.5,TRANSMUTATION!$C$4:$D$17,TRANSMUTATION!$G$4:$H$17),2,TRUE)) | DE43: =IF(BV43="","",(BV43*DE$15)) | DF43: =IF(CR43="","",(CR43*DF$15)) | DG43: =IF(DD43="","",(DD43*DG$15)) | DH43: =IF($DF$15="",IF(OR(DE43="",DG43="")=TRUE,"",(SUM(DE43:DG43))),IF(OR(DE43="",DF43="",DG43="")=TRUE,"",(SUM(DE43:DG43)))) | DI43: =IF(DH43="","",LOOKUP(DH43,{0,1.1251,1.3751,1.6251,1.8751,2.1251,2.3751,2.6251,2.8751,3.1251,3.3751,3.6251},{"1.00","1.25","1.50","1.75","2.00","2.25","2.50","2.75","3.00","3.25","3.50","5.00"}))
E44: 27 | F44: =IF(NOT(ISBLANK('Midterm OVPAA-F-INS-055A RAW SC'!F44)),'Midterm OVPAA-F-INS-055A RAW SC'!F44,"") | G44: =IF(NOT(ISBLANK('Midterm OVPAA-F-INS-055A RAW SC'!G44)),'Midterm OVPAA-F-INS-055A RAW SC'!G44,"") | H44: =IF('Midterm OVPAA-F-INS-055A RAW SC'!H44="","",'Midterm OVPAA-F-INS-055A RAW SC'!H44/'Midterm OVPAA-F-INS-055A RAW SC'!H$17*100) | I44: =IF('Midterm OVPAA-F-INS-055A RAW SC'!I44="","",'Midterm OVPAA-F-INS-055A RAW SC'!I44/'Midterm OVPAA-F-INS-055A RAW SC'!I$17*100) | J44: =IF('Midterm OVPAA-F-INS-055A RAW SC'!J44="","",'Midterm OVPAA-F-INS-055A RAW SC'!J44/'Midterm OVPAA-F-INS-055A RAW SC'!J$17*100) | K44: =IF('Midterm OVPAA-F-INS-055A RAW SC'!K44="","",'Midterm OVPAA-F-INS-055A RAW SC'!K44/'Midterm OVPAA-F-INS-055A RAW SC'!K$17*100) | L44: =IF('Midterm OVPAA-F-INS-055A RAW SC'!L44="","",'Midterm OVPAA-F-INS-055A RAW SC'!L44/'Midterm OVPAA-F-INS-055A RAW SC'!L$17*100) | M44: =IF('Midterm OVPAA-F-INS-055A RAW SC'!M44="","",'Midterm OVPAA-F-INS-055A RAW SC'!M44/'Midterm OVPAA-F-INS-055A RAW SC'!M$17*100) | N44: =IF('Midterm OVPAA-F-INS-055A RAW SC'!N44="","",'Midterm OVPAA-F-INS-055A RAW SC'!N44/'Midterm OVPAA-F-INS-055A RAW SC'!N$17*100) | O44: =IF('Midterm OVPAA-F-INS-055A RAW SC'!O44="","",'Midterm OVPAA-F-INS-055A RAW SC'!O44/'Midterm OVPAA-F-INS-055A RAW SC'!O$17*100) | ... BT44: =IF('Midterm OVPAA-F-INS-055A RAW SC'!BT44="","",'Midterm OVPAA-F-INS-055A RAW SC'!BT44/'Midterm OVPAA-F-INS-055A RAW SC'!BT$17*100) | BU44: {=IF('Midterm OVPAA-F-INS-055A RAW SC'!$G44="","",IF((SUMPRODUCT(--ISBLANK('Midterm OVPAA-F-INS-055A RAW SC'!H44:BT44))=COLUMNS('Midterm OVPAA-F-INS-055A RAW SC'!H44:BT44))=TRUE,"",(((COUNTA('Midterm OVPAA-F-INS-055A RAW SC'!$H$17:$BT$17)+COUNTBLANK('Midterm OVPAA-F-INS-055A RAW SC'!H44:BT44))-COLUMNS('Midterm OVPAA-F-INS-055A RAW SC'!H44:BT44))*5+SUM(H44:BT44))/COUNTA('Midterm OVPAA-F-INS-055A RAW SC'!$H$17:$BT$17)))} | BV44: =IF(BU44="","",VLOOKUP(BU44,IF('Midterm OVPAA-F-INS-055A RAW SC'!$V$12=0.5,TRANSMUTATION!$C$4:$D$17,TRANSMUTATION!$G$4:$H$17),2,TRUE)) | BW44: =IF('Midterm OVPAA-F-INS-055A RAW SC'!BU44="","",'Midterm OVPAA-F-INS-055A RAW SC'!BU44/'Midterm OVPAA-F-INS-055A RAW SC'!BU$17*100) | BX44: =IF('Midterm OVPAA-F-INS-055A RAW SC'!BV44="","",'Midterm OVPAA-F-INS-055A RAW SC'!BV44/'Midterm OVPAA-F-INS-055A RAW SC'!BV$17*100) | BY44: =IF('Midterm OVPAA-F-INS-055A RAW SC'!BW44="","",'Midterm OVPAA-F-INS-055A RAW SC'!BW44/'Midterm OVPAA-F-INS-055A RAW SC'!BW$17*100) | BZ44: =IF('Midterm OVPAA-F-INS-055A RAW SC'!BX44="","",'Midterm OVPAA-F-INS-055A RAW SC'!BX44/'Midterm OVPAA-F-INS-055A RAW SC'!BX$17*100) | CA44: =IF('Midterm OVPAA-F-INS-055A RAW SC'!BY44="","",'Midterm OVPAA-F-INS-055A RAW SC'!BY44/'Midterm OVPAA-F-INS-055A RAW SC'!BY$17*100) | CB44: =IF('Midterm OVPAA-F-INS-055A RAW SC'!BZ44="","",'Midterm OVPAA-F-INS-055A RAW SC'!BZ44/'Midterm OVPAA-F-INS-055A RAW SC'!BZ$17*100) | CC44: =IF('Midterm OVPAA-F-INS-055A RAW SC'!CA44="","",'Midterm OVPAA-F-INS-055A RAW SC'!CA44/'Midterm OVPAA-F-INS-055A RAW SC'!CA$17*100) | CD44: =IF('Midterm OVPAA-F-INS-055A RAW SC'!CB44="","",'Midterm OVPAA-F-INS-055A RAW SC'!CB44/'Midterm OVPAA-F-INS-055A RAW SC'!CB$17*100) | ... CP44: =IF('Midterm OVPAA-F-INS-055A RAW SC'!CN44="","",'Midterm OVPAA-F-INS-055A RAW SC'!CN44/'Midterm OVPAA-F-INS-055A RAW SC'!CN$17*100) | CQ44: {=IF('Midterm OVPAA-F-INS-055A RAW SC'!G44="","",IF((SUMPRODUCT(--ISBLANK('Midterm OVPAA-F-INS-055A RAW SC'!BU44:CN44))=COLUMNS('Midterm OVPAA-F-INS-055A RAW SC'!BU44:CN44))=TRUE,"",(((COUNTA('Midterm OVPAA-F-INS-055A RAW SC'!$BU$17:$CN$17)+COUNTBLANK('Midterm OVPAA-F-INS-055A RAW SC'!BU44:CN44))-COLUMNS('Midterm OVPAA-F-INS-055A RAW SC'!BU44:CN44))*5+SUM(BW44:CP44))/COUNTA('Midterm OVPAA-F-INS-055A RAW SC'!$BU$17:$CN$17)))} | CR44: =IF(CQ44="","",VLOOKUP(CQ44,IF('Midterm OVPAA-F-INS-055A RAW SC'!$V$12=0.5,TRANSMUTATION!$C$4:$D$17,TRANSMUTATION!$G$4:$H$17),2,TRUE)) | CS44: =IF('Midterm OVPAA-F-INS-055A RAW SC'!CO44="","",'Midterm OVPAA-F-INS-055A RAW SC'!CO44/'Midterm OVPAA-F-INS-055A RAW SC'!CO$17*100) | CT44: =IF('Midterm OVPAA-F-INS-055A RAW SC'!CP44="","",'Midterm OVPAA-F-INS-055A RAW SC'!CP44/'Midterm OVPAA-F-INS-055A RAW SC'!CP$17*100) | CU44: =IF('Midterm OVPAA-F-INS-055A RAW SC'!CQ44="","",'Midterm OVPAA-F-INS-055A RAW SC'!CQ44/'Midterm OVPAA-F-INS-055A RAW SC'!CQ$17*100) | CV44: =IF('Midterm OVPAA-F-INS-055A RAW SC'!CR44="","",'Midterm OVPAA-F-INS-055A RAW SC'!CR44/'Midterm OVPAA-F-INS-055A RAW SC'!CR$17*100) | CW44: =IF('Midterm OVPAA-F-INS-055A RAW SC'!CS44="","",'Midterm OVPAA-F-INS-055A RAW SC'!CS44/'Midterm OVPAA-F-INS-055A RAW SC'!CS$17*100) | CX44: =IF('Midterm OVPAA-F-INS-055A RAW SC'!CT44="","",'Midterm OVPAA-F-INS-055A RAW SC'!CT44/'Midterm OVPAA-F-INS-055A RAW SC'!CT$17*100) | CY44: =IF('Midterm OVPAA-F-INS-055A RAW SC'!CU44="","",'Midterm OVPAA-F-INS-055A RAW SC'!CU44/'Midterm OVPAA-F-INS-055A RAW SC'!CU$17*100) | CZ44: =IF('Midterm OVPAA-F-INS-055A RAW SC'!CV44="","",'Midterm OVPAA-F-INS-055A RAW SC'!CV44/'Midterm OVPAA-F-INS-055A RAW SC'!CV$17*100) | ... DB44: =IF('Midterm OVPAA-F-INS-055A RAW SC'!CX44="","",'Midterm OVPAA-F-INS-055A RAW SC'!CX44/'Midterm OVPAA-F-INS-055A RAW SC'!CX$17*100) | DC44: {=IF('Midterm OVPAA-F-INS-055A RAW SC'!$G44="","",IF((SUMPRODUCT(--ISBLANK('Midterm OVPAA-F-INS-055A RAW SC'!CO44:CX44))=COLUMNS('Midterm OVPAA-F-INS-055A RAW SC'!CO44:CX44))=TRUE,"",(((COUNTA('Midterm OVPAA-F-INS-055A RAW SC'!$CO$17:$CX$17)+COUNTBLANK('Midterm OVPAA-F-INS-055A RAW SC'!CO44:CX44))-COLUMNS('Midterm OVPAA-F-INS-055A RAW SC'!CO44:CX44))*5+SUM(CS44:DB44))/COUNTA('Midterm OVPAA-F-INS-055A RAW SC'!$CO$17:$CX$17)))} | DD44: =IF(DC44="","",VLOOKUP(DC44,IF('Midterm OVPAA-F-INS-055A RAW SC'!$V$12=0.5,TRANSMUTATION!$C$4:$D$17,TRANSMUTATION!$G$4:$H$17),2,TRUE)) | DE44: =IF(BV44="","",(BV44*DE$15)) | DF44: =IF(CR44="","",(CR44*DF$15)) | DG44: =IF(DD44="","",(DD44*DG$15)) | DH44: =IF($DF$15="",IF(OR(DE44="",DG44="")=TRUE,"",(SUM(DE44:DG44))),IF(OR(DE44="",DF44="",DG44="")=TRUE,"",(SUM(DE44:DG44)))) | DI44: =IF(DH44="","",LOOKUP(DH44,{0,1.1251,1.3751,1.6251,1.8751,2.1251,2.3751,2.6251,2.8751,3.1251,3.3751,3.6251},{"1.00","1.25","1.50","1.75","2.00","2.25","2.50","2.75","3.00","3.25","3.50","5.00"}))
E45: 28 | F45: =IF(NOT(ISBLANK('Midterm OVPAA-F-INS-055A RAW SC'!F45)),'Midterm OVPAA-F-INS-055A RAW SC'!F45,"") | G45: =IF(NOT(ISBLANK('Midterm OVPAA-F-INS-055A RAW SC'!G45)),'Midterm OVPAA-F-INS-055A RAW SC'!G45,"") | H45: =IF('Midterm OVPAA-F-INS-055A RAW SC'!H45="","",'Midterm OVPAA-F-INS-055A RAW SC'!H45/'Midterm OVPAA-F-INS-055A RAW SC'!H$17*100) | I45: =IF('Midterm OVPAA-F-INS-055A RAW SC'!I45="","",'Midterm OVPAA-F-INS-055A RAW SC'!I45/'Midterm OVPAA-F-INS-055A RAW SC'!I$17*100) | J45: =IF('Midterm OVPAA-F-INS-055A RAW SC'!J45="","",'Midterm OVPAA-F-INS-055A RAW SC'!J45/'Midterm OVPAA-F-INS-055A RAW SC'!J$17*100) | K45: =IF('Midterm OVPAA-F-INS-055A RAW SC'!K45="","",'Midterm OVPAA-F-INS-055A RAW SC'!K45/'Midterm OVPAA-F-INS-055A RAW SC'!K$17*100) | L45: =IF('Midterm OVPAA-F-INS-055A RAW SC'!L45="","",'Midterm OVPAA-F-INS-055A RAW SC'!L45/'Midterm OVPAA-F-INS-055A RAW SC'!L$17*100) | M45: =IF('Midterm OVPAA-F-INS-055A RAW SC'!M45="","",'Midterm OVPAA-F-INS-055A RAW SC'!M45/'Midterm OVPAA-F-INS-055A RAW SC'!M$17*100) | N45: =IF('Midterm OVPAA-F-INS-055A RAW SC'!N45="","",'Midterm OVPAA-F-INS-055A RAW SC'!N45/'Midterm OVPAA-F-INS-055A RAW SC'!N$17*100) | O45: =IF('Midterm OVPAA-F-INS-055A RAW SC'!O45="","",'Midterm OVPAA-F-INS-055A RAW SC'!O45/'Midterm OVPAA-F-INS-055A RAW SC'!O$17*100) | ... BT45: =IF('Midterm OVPAA-F-INS-055A RAW SC'!BT45="","",'Midterm OVPAA-F-INS-055A RAW SC'!BT45/'Midterm OVPAA-F-INS-055A RAW SC'!BT$17*100) | BU45: {=IF('Midterm OVPAA-F-INS-055A RAW SC'!$G45="","",IF((SUMPRODUCT(--ISBLANK('Midterm OVPAA-F-INS-055A RAW SC'!H45:BT45))=COLUMNS('Midterm OVPAA-F-INS-055A RAW SC'!H45:BT45))=TRUE,"",(((COUNTA('Midterm OVPAA-F-INS-055A RAW SC'!$H$17:$BT$17)+COUNTBLANK('Midterm OVPAA-F-INS-055A RAW SC'!H45:BT45))-COLUMNS('Midterm OVPAA-F-INS-055A RAW SC'!H45:BT45))*5+SUM(H45:BT45))/COUNTA('Midterm OVPAA-F-INS-055A RAW SC'!$H$17:$BT$17)))} | BV45: =IF(BU45="","",VLOOKUP(BU45,IF('Midterm OVPAA-F-INS-055A RAW SC'!$V$12=0.5,TRANSMUTATION!$C$4:$D$17,TRANSMUTATION!$G$4:$H$17),2,TRUE)) | BW45: =IF('Midterm OVPAA-F-INS-055A RAW SC'!BU45="","",'Midterm OVPAA-F-INS-055A RAW SC'!BU45/'Midterm OVPAA-F-INS-055A RAW SC'!BU$17*100) | BX45: =IF('Midterm OVPAA-F-INS-055A RAW SC'!BV45="","",'Midterm OVPAA-F-INS-055A RAW SC'!BV45/'Midterm OVPAA-F-INS-055A RAW SC'!BV$17*100) | BY45: =IF('Midterm OVPAA-F-INS-055A RAW SC'!BW45="","",'Midterm OVPAA-F-INS-055A RAW SC'!BW45/'Midterm OVPAA-F-INS-055A RAW SC'!BW$17*100) | BZ45: =IF('Midterm OVPAA-F-INS-055A RAW SC'!BX45="","",'Midterm OVPAA-F-INS-055A RAW SC'!BX45/'Midterm OVPAA-F-INS-055A RAW SC'!BX$17*100) | CA45: =IF('Midterm OVPAA-F-INS-055A RAW SC'!BY45="","",'Midterm OVPAA-F-INS-055A RAW SC'!BY45/'Midterm OVPAA-F-INS-055A RAW SC'!BY$17*100) | CB45: =IF('Midterm OVPAA-F-INS-055A RAW SC'!BZ45="","",'Midterm OVPAA-F-INS-055A RAW SC'!BZ45/'Midterm OVPAA-F-INS-055A RAW SC'!BZ$17*100) | CC45: =IF('Midterm OVPAA-F-INS-055A RAW SC'!CA45="","",'Midterm OVPAA-F-INS-055A RAW SC'!CA45/'Midterm OVPAA-F-INS-055A RAW SC'!CA$17*100) | CD45: =IF('Midterm OVPAA-F-INS-055A RAW SC'!CB45="","",'Midterm OVPAA-F-INS-055A RAW SC'!CB45/'Midterm OVPAA-F-INS-055A RAW SC'!CB$17*100) | ... CP45: =IF('Midterm OVPAA-F-INS-055A RAW SC'!CN45="","",'Midterm OVPAA-F-INS-055A RAW SC'!CN45/'Midterm OVPAA-F-INS-055A RAW SC'!CN$17*100) | CQ45: {=IF('Midterm OVPAA-F-INS-055A RAW SC'!G45="","",IF((SUMPRODUCT(--ISBLANK('Midterm OVPAA-F-INS-055A RAW SC'!BU45:CN45))=COLUMNS('Midterm OVPAA-F-INS-055A RAW SC'!BU45:CN45))=TRUE,"",(((COUNTA('Midterm OVPAA-F-INS-055A RAW SC'!$BU$17:$CN$17)+COUNTBLANK('Midterm OVPAA-F-INS-055A RAW SC'!BU45:CN45))-COLUMNS('Midterm OVPAA-F-INS-055A RAW SC'!BU45:CN45))*5+SUM(BW45:CP45))/COUNTA('Midterm OVPAA-F-INS-055A RAW SC'!$BU$17:$CN$17)))} | CR45: =IF(CQ45="","",VLOOKUP(CQ45,IF('Midterm OVPAA-F-INS-055A RAW SC'!$V$12=0.5,TRANSMUTATION!$C$4:$D$17,TRANSMUTATION!$G$4:$H$17),2,TRUE)) | CS45: =IF('Midterm OVPAA-F-INS-055A RAW SC'!CO45="","",'Midterm OVPAA-F-INS-055A RAW SC'!CO45/'Midterm OVPAA-F-INS-055A RAW SC'!CO$17*100) | CT45: =IF('Midterm OVPAA-F-INS-055A RAW SC'!CP45="","",'Midterm OVPAA-F-INS-055A RAW SC'!CP45/'Midterm OVPAA-F-INS-055A RAW SC'!CP$17*100) | CU45: =IF('Midterm OVPAA-F-INS-055A RAW SC'!CQ45="","",'Midterm OVPAA-F-INS-055A RAW SC'!CQ45/'Midterm OVPAA-F-INS-055A RAW SC'!CQ$17*100) | CV45: =IF('Midterm OVPAA-F-INS-055A RAW SC'!CR45="","",'Midterm OVPAA-F-INS-055A RAW SC'!CR45/'Midterm OVPAA-F-INS-055A RAW SC'!CR$17*100) | CW45: =IF('Midterm OVPAA-F-INS-055A RAW SC'!CS45="","",'Midterm OVPAA-F-INS-055A RAW SC'!CS45/'Midterm OVPAA-F-INS-055A RAW SC'!CS$17*100) | CX45: =IF('Midterm OVPAA-F-INS-055A RAW SC'!CT45="","",'Midterm OVPAA-F-INS-055A RAW SC'!CT45/'Midterm OVPAA-F-INS-055A RAW SC'!CT$17*100) | CY45: =IF('Midterm OVPAA-F-INS-055A RAW SC'!CU45="","",'Midterm OVPAA-F-INS-055A RAW SC'!CU45/'Midterm OVPAA-F-INS-055A RAW SC'!CU$17*100) | CZ45: =IF('Midterm OVPAA-F-INS-055A RAW SC'!CV45="","",'Midterm OVPAA-F-INS-055A RAW SC'!CV45/'Midterm OVPAA-F-INS-055A RAW SC'!CV$17*100) | ... DB45: =IF('Midterm OVPAA-F-INS-055A RAW SC'!CX45="","",'Midterm OVPAA-F-INS-055A RAW SC'!CX45/'Midterm OVPAA-F-INS-055A RAW SC'!CX$17*100) | DC45: {=IF('Midterm OVPAA-F-INS-055A RAW SC'!$G45="","",IF((SUMPRODUCT(--ISBLANK('Midterm OVPAA-F-INS-055A RAW SC'!CO45:CX45))=COLUMNS('Midterm OVPAA-F-INS-055A RAW SC'!CO45:CX45))=TRUE,"",(((COUNTA('Midterm OVPAA-F-INS-055A RAW SC'!$CO$17:$CX$17)+COUNTBLANK('Midterm OVPAA-F-INS-055A RAW SC'!CO45:CX45))-COLUMNS('Midterm OVPAA-F-INS-055A RAW SC'!CO45:CX45))*5+SUM(CS45:DB45))/COUNTA('Midterm OVPAA-F-INS-055A RAW SC'!$CO$17:$CX$17)))} | DD45: =IF(DC45="","",VLOOKUP(DC45,IF('Midterm OVPAA-F-INS-055A RAW SC'!$V$12=0.5,TRANSMUTATION!$C$4:$D$17,TRANSMUTATION!$G$4:$H$17),2,TRUE)) | DE45: =IF(BV45="","",(BV45*DE$15)) | DF45: =IF(CR45="","",(CR45*DF$15)) | DG45: =IF(DD45="","",(DD45*DG$15)) | DH45: =IF($DF$15="",IF(OR(DE45="",DG45="")=TRUE,"",(SUM(DE45:DG45))),IF(OR(DE45="",DF45="",DG45="")=TRUE,"",(SUM(DE45:DG45)))) | DI45: =IF(DH45="","",LOOKUP(DH45,{0,1.1251,1.3751,1.6251,1.8751,2.1251,2.3751,2.6251,2.8751,3.1251,3.3751,3.6251},{"1.00","1.25","1.50","1.75","2.00","2.25","2.50","2.75","3.00","3.25","3.50","5.00"}))
E46: 29 | F46: =IF(NOT(ISBLANK('Midterm OVPAA-F-INS-055A RAW SC'!F46)),'Midterm OVPAA-F-INS-055A RAW SC'!F46,"") | G46: =IF(NOT(ISBLANK('Midterm OVPAA-F-INS-055A RAW SC'!G46)),'Midterm OVPAA-F-INS-055A RAW SC'!G46,"") | H46: =IF('Midterm OVPAA-F-INS-055A RAW SC'!H46="","",'Midterm OVPAA-F-INS-055A RAW SC'!H46/'Midterm OVPAA-F-INS-055A RAW SC'!H$17*100) | I46: =IF('Midterm OVPAA-F-INS-055A RAW SC'!I46="","",'Midterm OVPAA-F-INS-055A RAW SC'!I46/'Midterm OVPAA-F-INS-055A RAW SC'!I$17*100) | J46: =IF('Midterm OVPAA-F-INS-055A RAW SC'!J46="","",'Midterm OVPAA-F-INS-055A RAW SC'!J46/'Midterm OVPAA-F-INS-055A RAW SC'!J$17*100) | K46: =IF('Midterm OVPAA-F-INS-055A RAW SC'!K46="","",'Midterm OVPAA-F-INS-055A RAW SC'!K46/'Midterm OVPAA-F-INS-055A RAW SC'!K$17*100) | L46: =IF('Midterm OVPAA-F-INS-055A RAW SC'!L46="","",'Midterm OVPAA-F-INS-055A RAW SC'!L46/'Midterm OVPAA-F-INS-055A RAW SC'!L$17*100) | M46: =IF('Midterm OVPAA-F-INS-055A RAW SC'!M46="","",'Midterm OVPAA-F-INS-055A RAW SC'!M46/'Midterm OVPAA-F-INS-055A RAW SC'!M$17*100) | N46: =IF('Midterm OVPAA-F-INS-055A RAW SC'!N46="","",'Midterm OVPAA-F-INS-055A RAW SC'!N46/'Midterm OVPAA-F-INS-055A RAW SC'!N$17*100) | O46: =IF('Midterm OVPAA-F-INS-055A RAW SC'!O46="","",'Midterm OVPAA-F-INS-055A RAW SC'!O46/'Midterm OVPAA-F-INS-055A RAW SC'!O$17*100) | ... BT46: =IF('Midterm OVPAA-F-INS-055A RAW SC'!BT46="","",'Midterm OVPAA-F-INS-055A RAW SC'!BT46/'Midterm OVPAA-F-INS-055A RAW SC'!BT$17*100) | BU46: {=IF('Midterm OVPAA-F-INS-055A RAW SC'!$G46="","",IF((SUMPRODUCT(--ISBLANK('Midterm OVPAA-F-INS-055A RAW SC'!H46:BT46))=COLUMNS('Midterm OVPAA-F-INS-055A RAW SC'!H46:BT46))=TRUE,"",(((COUNTA('Midterm OVPAA-F-INS-055A RAW SC'!$H$17:$BT$17)+COUNTBLANK('Midterm OVPAA-F-INS-055A RAW SC'!H46:BT46))-COLUMNS('Midterm OVPAA-F-INS-055A RAW SC'!H46:BT46))*5+SUM(H46:BT46))/COUNTA('Midterm OVPAA-F-INS-055A RAW SC'!$H$17:$BT$17)))} | BV46: =IF(BU46="","",VLOOKUP(BU46,IF('Midterm OVPAA-F-INS-055A RAW SC'!$V$12=0.5,TRANSMUTATION!$C$4:$D$17,TRANSMUTATION!$G$4:$H$17),2,TRUE)) | BW46: =IF('Midterm OVPAA-F-INS-055A RAW SC'!BU46="","",'Midterm OVPAA-F-INS-055A RAW SC'!BU46/'Midterm OVPAA-F-INS-055A RAW SC'!BU$17*100) | BX46: =IF('Midterm OVPAA-F-INS-055A RAW SC'!BV46="","",'Midterm OVPAA-F-INS-055A RAW SC'!BV46/'Midterm OVPAA-F-INS-055A RAW SC'!BV$17*100) | BY46: =IF('Midterm OVPAA-F-INS-055A RAW SC'!BW46="","",'Midterm OVPAA-F-INS-055A RAW SC'!BW46/'Midterm OVPAA-F-INS-055A RAW SC'!BW$17*100) | BZ46: =IF('Midterm OVPAA-F-INS-055A RAW SC'!BX46="","",'Midterm OVPAA-F-INS-055A RAW SC'!BX46/'Midterm OVPAA-F-INS-055A RAW SC'!BX$17*100) | CA46: =IF('Midterm OVPAA-F-INS-055A RAW SC'!BY46="","",'Midterm OVPAA-F-INS-055A RAW SC'!BY46/'Midterm OVPAA-F-INS-055A RAW SC'!BY$17*100) | CB46: =IF('Midterm OVPAA-F-INS-055A RAW SC'!BZ46="","",'Midterm OVPAA-F-INS-055A RAW SC'!BZ46/'Midterm OVPAA-F-INS-055A RAW SC'!BZ$17*100) | CC46: =IF('Midterm OVPAA-F-INS-055A RAW SC'!CA46="","",'Midterm OVPAA-F-INS-055A RAW SC'!CA46/'Midterm OVPAA-F-INS-055A RAW SC'!CA$17*100) | CD46: =IF('Midterm OVPAA-F-INS-055A RAW SC'!CB46="","",'Midterm OVPAA-F-INS-055A RAW SC'!CB46/'Midterm OVPAA-F-INS-055A RAW SC'!CB$17*100) | ... CP46: =IF('Midterm OVPAA-F-INS-055A RAW SC'!CN46="","",'Midterm OVPAA-F-INS-055A RAW SC'!CN46/'Midterm OVPAA-F-INS-055A RAW SC'!CN$17*100) | CQ46: {=IF('Midterm OVPAA-F-INS-055A RAW SC'!G46="","",IF((SUMPRODUCT(--ISBLANK('Midterm OVPAA-F-INS-055A RAW SC'!BU46:CN46))=COLUMNS('Midterm OVPAA-F-INS-055A RAW SC'!BU46:CN46))=TRUE,"",(((COUNTA('Midterm OVPAA-F-INS-055A RAW SC'!$BU$17:$CN$17)+COUNTBLANK('Midterm OVPAA-F-INS-055A RAW SC'!BU46:CN46))-COLUMNS('Midterm OVPAA-F-INS-055A RAW SC'!BU46:CN46))*5+SUM(BW46:CP46))/COUNTA('Midterm OVPAA-F-INS-055A RAW SC'!$BU$17:$CN$17)))} | CR46: =IF(CQ46="","",VLOOKUP(CQ46,IF('Midterm OVPAA-F-INS-055A RAW SC'!$V$12=0.5,TRANSMUTATION!$C$4:$D$17,TRANSMUTATION!$G$4:$H$17),2,TRUE)) | CS46: =IF('Midterm OVPAA-F-INS-055A RAW SC'!CO46="","",'Midterm OVPAA-F-INS-055A RAW SC'!CO46/'Midterm OVPAA-F-INS-055A RAW SC'!CO$17*100) | CT46: =IF('Midterm OVPAA-F-INS-055A RAW SC'!CP46="","",'Midterm OVPAA-F-INS-055A RAW SC'!CP46/'Midterm OVPAA-F-INS-055A RAW SC'!CP$17*100) | CU46: =IF('Midterm OVPAA-F-INS-055A RAW SC'!CQ46="","",'Midterm OVPAA-F-INS-055A RAW SC'!CQ46/'Midterm OVPAA-F-INS-055A RAW SC'!CQ$17*100) | CV46: =IF('Midterm OVPAA-F-INS-055A RAW SC'!CR46="","",'Midterm OVPAA-F-INS-055A RAW SC'!CR46/'Midterm OVPAA-F-INS-055A RAW SC'!CR$17*100) | CW46: =IF('Midterm OVPAA-F-INS-055A RAW SC'!CS46="","",'Midterm OVPAA-F-INS-055A RAW SC'!CS46/'Midterm OVPAA-F-INS-055A RAW SC'!CS$17*100) | CX46: =IF('Midterm OVPAA-F-INS-055A RAW SC'!CT46="","",'Midterm OVPAA-F-INS-055A RAW SC'!CT46/'Midterm OVPAA-F-INS-055A RAW SC'!CT$17*100) | CY46: =IF('Midterm OVPAA-F-INS-055A RAW SC'!CU46="","",'Midterm OVPAA-F-INS-055A RAW SC'!CU46/'Midterm OVPAA-F-INS-055A RAW SC'!CU$17*100) | CZ46: =IF('Midterm OVPAA-F-INS-055A RAW SC'!CV46="","",'Midterm OVPAA-F-INS-055A RAW SC'!CV46/'Midterm OVPAA-F-INS-055A RAW SC'!CV$17*100) | ... DB46: =IF('Midterm OVPAA-F-INS-055A RAW SC'!CX46="","",'Midterm OVPAA-F-INS-055A RAW SC'!CX46/'Midterm OVPAA-F-INS-055A RAW SC'!CX$17*100) | DC46: {=IF('Midterm OVPAA-F-INS-055A RAW SC'!$G46="","",IF((SUMPRODUCT(--ISBLANK('Midterm OVPAA-F-INS-055A RAW SC'!CO46:CX46))=COLUMNS('Midterm OVPAA-F-INS-055A RAW SC'!CO46:CX46))=TRUE,"",(((COUNTA('Midterm OVPAA-F-INS-055A RAW SC'!$CO$17:$CX$17)+COUNTBLANK('Midterm OVPAA-F-INS-055A RAW SC'!CO46:CX46))-COLUMNS('Midterm OVPAA-F-INS-055A RAW SC'!CO46:CX46))*5+SUM(CS46:DB46))/COUNTA('Midterm OVPAA-F-INS-055A RAW SC'!$CO$17:$CX$17)))} | DD46: =IF(DC46="","",VLOOKUP(DC46,IF('Midterm OVPAA-F-INS-055A RAW SC'!$V$12=0.5,TRANSMUTATION!$C$4:$D$17,TRANSMUTATION!$G$4:$H$17),2,TRUE)) | DE46: =IF(BV46="","",(BV46*DE$15)) | DF46: =IF(CR46="","",(CR46*DF$15)) | DG46: =IF(DD46="","",(DD46*DG$15)) | DH46: =IF($DF$15="",IF(OR(DE46="",DG46="")=TRUE,"",(SUM(DE46:DG46))),IF(OR(DE46="",DF46="",DG46="")=TRUE,"",(SUM(DE46:DG46)))) | DI46: =IF(DH46="","",LOOKUP(DH46,{0,1.1251,1.3751,1.6251,1.8751,2.1251,2.3751,2.6251,2.8751,3.1251,3.3751,3.6251},{"1.00","1.25","1.50","1.75","2.00","2.25","2.50","2.75","3.00","3.25","3.50","5.00"}))
